Lab 1 [Total Pts: 20 Score] |1882989,Homework 1 Final Grade [Total Pts: 40 Score] |1995600,Lab 2 [Total Pts: 20 Score] |1883408,Chapter 2 - Checkpoint 3 [Total Pts: 4 Score] |1936678,Chapter 2 - Checkpoint 4 [Total Pts: 4 Score] |1936680,Chapter 2 - Checkpoint 5 [Total Pts: 4 Score] |1936681,Quiz 1 [Total Pts: 20 Score] |1937228,Lab 3 [Total Pts: 20 Score] |1883412,Chapter 3 - Checkpoint 1 [Total Pts: 4 Score] |1936189,Chapter 3 - Checkpoint 2 [Total Pts: 4 Score] |1938812,Chapter 3 - Checkpoint 3 [Total Pts: 4 Score] |1938813,Homework 2 final grade [Total Pts: 40 Score] |2005601,Lab 4 [Total Pts: 20 Score] |1883421,Chapter 3 - Checkpoint 4 [Total Pts: 4 Score] |1938815,Chapter 3 - Checkpoint 5 [Total Pts: 4 Score] |1938818,Quiz 2 [Total Pts: 20 Score] |1962628,Lab 5 [Total Pts: 20 Score] |1883422,Chapter 4 - Checkpoint 1 [Total Pts: 4 Score] |1945790,Chapter 4 - Checkpoint 2 [Total Pts: 4 Score] |1945791,Chapter 4 - Checkpoint 3 [Total Pts: 4 Score] |1945793,Homework 3 final grade [Total Pts: 40 Score] |2008446,Lab 6 [Total Pts: 20 Score] |1883423,Chapter 4 - Checkpoint 4 [Total Pts: 4 Score] |1949674,Chapter 4 - Checkpoint 5 [Total Pts: 4 Score] |1949678,Chapter 4 - Checkpoint 6 [Total Pts: 4 Score] |1949679,Quiz 3 [Total Pts: 20 Score] |1995022,Lab 7 [Total Pts: 20 Score] |1883429,Chapter 4 - Checkpoint 7 [Total Pts: 4 Score] |1994614,Chapter 4 - Checkpoint 8 [Total Pts: 4 Score] |1994620,Chapter 4 - Checkpoint 9 [Total Pts: 4 Score] |1994622,HOMEWORK 4 FINAL GRADE [Total Pts: up to 40 Score] |2017095,Lab 8 [Total Pts: 20 Score] |1883432,Chapter 5 - Checkpoint 1 [Total Pts: 4 Score] |1994626,Quiz 4 [Total Pts: 20 Score] |2001868,Lab 9 [Total Pts: 20 Score] |1883435,Chapter 2 - Checkpoint 1 [Total Pts: 4 Score] |1931281,Chapter 2 - Checkpoint 2 [Total Pts: 4 Score] |1931124,Chapter 5 - Checkpoint 2 [Total Pts: 4 Score] |1994627,Chapter 5 - Checkpoint 3 [Total Pts: 4 Score] |1994628,Homework 5 Final Grade [Total Pts: 40 Score] |2016174,Lab 10 [Total Pts: 20 Score] |1883436,Project1 [Total Pts: 100 Score] |1996715,Lab 11 [Total Pts: 20 Score] |1883437,Quiz 5 [Total Pts: 20 Score] |2009890,Chapter 7 - Checkpoint 1 [Total Pts: 4 Score] |1999578,Homework 6 [Total Pts: 40 Score] |1884931,Extra points [Total Pts: 0 Score] |1934963,Lab 12 [Total Pts: 20 Score] |1883438,Chapter 7 - Checkpoint 2 [Total Pts: 4 Score] |1999581,Quiz 6 [Total Pts: 20 Score] |2009024,Lab 13 Code [Total Pts: 10 Score] |2023050,Lab 13 PDF [Total Pts: 10 Score] |1883440,Chapter 7 - Checkpoint 3 [Total Pts: 4 Score] |2008962,Homework 7 [Total Pts: 40 Score] |1884933,Lab 14 [Total Pts: 20 Score] |1883441,Project 2 [Total Pts: 100 Score] |2023051,Quiz 7 [Total Pts: 20 Score] |2009027,"Final Grade out of 1000 [Total Pts: up to 1,000 Score] |1995780"
20,15,14,4,4,4,19,16.5,0,4,4,27.25,0,4,4,18,15.5,4,4,4,40,20,4,4,4,10.66666,18.5,4,2,4,37,18,4,11,16,4,4,4,4,36.5,10,105,19,18.8,4,39.5,0,17.5,4,18,10,10,4,40,18,110,0,867.71666
20,39.75,16,4,4,4,18,20,4,4,0,22.75,20,4,2,18,15,4,4,2,40,20,4,4,3,10,18,4,2,2,40,13.5,4,9,19,4,4,4,4,34.5,15,105,15,6.4,4,34.5,0,18.5,4,0,10,10,4,40,20,100,0,859.9
20,39,18,4,4,4,17,19.5,4,0,4,14.5,13,4,4,17,9,4,4,2,32,19,3,3,3,9.5,18.5,2,2,2,30,14,4,11,14,4,4,4,2,14.25,10,80,11,8.4,4,28,4,15.5,4,8,10,9,3,40,16,100,1.5,757.65
2,28.25,8,4,2,2,17,19,4,0,4,28.375,16,2,4,14,16,4,4,2,40,20,4,3,4,9.5,20,4,3,3,40,16,4,9.5,17,2,4,4,2,38,19,105,14,11.5,4,40,0,18,4,10,10,10,4,40,0,100,6,828.125
19,38,8,4,4,4,15,16.5,4,4,4,16.375,20,4,4,12,16,4,4,2,28.5,20,4,4,2,10.66666,20,4,4,4,39,15,4,11,16,4,4,4,4,36.75,20,104.5,18,9,4,36.5,4,15,4,3.5,10,9.5,4,39,12,100,2.5,842.29166
20,36.5,12,4,4,4,20,11.75,4,4,4,26.5,17,4,4,16,16,4,4,2,40,17,4,4,0,10,19,4,4,2,2.5,12,4,14,17,4,4,4,4,36,19,84.5,16.5,13,4,38.5,4,13.5,4,8.5,0,0,2,20,0,65,2,720.25
20,41,20,4,4,4,19,20,4,4,4,32.5,20,4,4,18,16,4,4,4,36,19,4,4,4,14.5,20,4,4,4,40,20,4,15,17.5,4,4,4,4,38.5,20,93,15,15.5,4,36.5,0,19.5,4,19,10,10,4,40,20,100,16,941.5
20,38.625,8,4,4,4,18,17.5,4,4,4,15.25,20,4,4,14,20,4,4,4,35,19,4,4,4,9,20,4,4,4,31.5,7,4,9,14,4,4,4,4,27,10,100,18,4,4,33.5,4,20,4,5.5,10,7,4,40,17,100,0,816.875
20,36.75,16,4,4,4,20,19.75,4,4,4,30.225,16,4,2,20,17.2,4,4,4,40,18,4,4,0,0,19.5,4,4,2,39,20,2,18,17,4,4,4,4,38,10,105,13,13,4,39.5,4,15,4,17,10,10,4,40,16,100,13.5,906.425
19,40.25,16,4,4,4,20,20,4,4,4,29.725,20,4,4,20,17.2,4,2,2,40,19,4,4,4,17.8,19,4,4,4,39,18,4,18,20,4,4,4,4,40,19,104,18,20,4,40,4,20,4,19.5,10,10,4,40,16,100,15,969.475
20,12.5,0,4,0,0,15,18.5,4,4,4,19.5,15,4,4,16,10.8,4,4,4,40,18,4,4,0,7.5,10,0,0,0,26,10,0,10,13.5,0,4,0,0,29.75,15,98.5,9,15.6,4,36,0,20,0,20,10,10,0,40,16,100,9,743.15
20,36.5,14,4,4,4,19,19.5,4,4,4,28,10,4,4,19,13.2,2,4,4,38,17,4,4,0,11.33333,17.5,4,4,2,35,14,4,12,16.25,4,4,4,4,19.5,10,104.5,15,14.9,4,27.5,4,14.5,4,5,10,10,4,40,18,100,8.5,838.68333
2,31.75,14,3,2,3,17,19,4,3,4,0,11,3,4,19,11.7,4,4,2,20,15,2,0,0,13.33333,18,3,2,2,0,16,2,11,17,4,4,2,2,20.5,19,0,12.5,8,3,24,0,17.5,4,2,0,9.5,0,0,0,0,0,419.78333
20,41,20,4,4,4,18,19,4,4,4,21.5,13,4,4,17,11,4,4,2,40,20,4,4,4,12.66666,20,4,4,4,33.5,17,4,8,18,2,4,4,4,36.5,0,57.5,18,7.2,4,37,0,15,4,9.5,10,10,4,40,14,100,3,808.36666
20,29.5,14,4,0,0,18,18.5,4,4,4,21.75,15,4,2,17,12.7,0,0,0,40,16,4,4,0,10.5,19,0,0,0,38,0,0,7,14.5,4,2,0,0,31.75,10,100,5,0,0,31,0,0,0,0,0,0,0,0,0,15,0,545.2
20,36.625,12,4,0,0,15,19,0,4,4,0,0,0,0,12,0,0,0,0,14,17,4,2,0,0,0,0,0,0,0,8,0,0,0,4,4,0,0,0,0,19,0,0,0,0,0,0,0,0,0,0,0,0,0,0,0,198.625
20,41.375,20,4,4,4,20,14,4,4,4,34.75,17,4,4,19,17,4,4,4,40,19,4,4,4,13.66666,20,4,4,4,33,20,4,16,16.5,4,4,4,4,31.75,10,90,8,10.5,4,39.5,6,4.5,0,18,10,10,4,40,16,110,16,902.54166
20,37.625,20,4,2,4,16,20,4,0,0,31,15,0,0,17,17.7,4,4,2,40,18,4,3,3,7,11.5,0,0,0,38,11,4,8,16.25,4,4,4,4,38,10,100,18,5.2,2,40,5,19,4,4,10,10,4,40,16,100,11.5,839.775
20,41,18,4,4,4,17,18.5,4,4,4,32,16,4,4,20,18.5,4,4,4,40,16,4,4,4,13.66666,17.5,4,4,4,35,17,4,14,18,2,2,4,4,39,20,104,17.5,14.5,0,31,0,17.5,0,20,10,8,0,40,16,100,15,913.66666
20,29,8,4,4,4,16,12.5,4,4,4,0,0,4,4,12,17.7,4,4,4,40,19,4,4,3,8.66666,13,4,4,4,37,8,2,11.5,16.5,4,4,4,4,25,19,104,13,5,4,37.5,0,15.5,4,4.5,10,10,4,40,20,100,2.5,776.86666
20,38,20,4,4,4,19,20,4,4,0,21,14,0,0,16,17.2,4,4,4,40,20,4,4,4,15.5,20,4,4,4,40,16,4,14,17,4,4,4,4,38.5,20,100,18,17,4,39.5,4,18.5,4,18,10,10,4,40,18,100,12,924.2
20,38,18,0,0,0,12,18.5,0,4,0,0,11,2,4,10,2.9,4,4,2,37.5,17,4,4,3,8,12.5,4,4,4,37,12,4,7,15.5,4,4,4,4,33,10,97,9,14.2,4,36.5,14,19.5,4,6,0,10,4,0,0,100,0,701.1
0,4,0,0,0,0,0,0,0,0,0,0,0,0,0,0,0,0,0,0,0,0,0,0,0,0,0,0,0,0,0,0,0,0,0,0,0,0,0,0,0,0,0,0,0,0,0,0,0,0,0,0,0,0,0,0,0,4
20,41.5,16,4,4,4,20,20,4,4,4,29.5,16,4,4,19,12,4,4,4,40,0,4,4,4,14.83333,18,4,4,4,35,0,4,17,20,4,4,4,4,39,19,100,12,16,4,30,24,20,4,20,0,12.8,4,40,19,100,10.5,906.13333
0,34,14,4,4,4,10,20,0,4,4,30.25,16,0,2,12,0,0,0,0,40,14,0,0,0,11.33333,12,4,4,4,33,16,0,8,16,0,4,0,0,38,10,80,0,10.4,2,31,0,18.5,4,0,10,9.5,4,39,19,110,6,720.98333
20,36.5,20,4,4,0,19,20,4,4,4,21.5,17,0,0,17,8,4,4,4,40,19,4,4,4,13.66666,12.5,4,4,4,30,11,4,13,17.5,4,4,4,4,32,10,102.5,15,13.4,0,38.25,0,15.5,0,16,10,8.5,4,40,15,96.25,11,844.06666
20,35.5,14,4,4,0,15,7.5,0,4,4,27.125,2,4,4,0,0,4,4,4,18,20,4,4,2,6,6.5,4,4,4,39,14,4,5,19,4,4,4,4,29.875,20,75.5,0,13,4,29.5,0,20,4,7,0,0,4,20,7,100,6,671.5
20,41.5,19,4,4,4,20,19.75,4,4,4,38,20,4,4,20,20,4,4,4,36,20,4,4,4,13.5,16,4,4,4,34,12,4,13,19,2,4,4,4,35,10,100,12,15.6,4,38.25,4,20,4,8,10,9.5,4,39,19,100,0,905.1
0,33.25,16,4,4,4,18,19.5,4,4,4,5.5,0,4,4,0,0,4,4,4,0,0,4,4,2,0,0,0,0,0,0,0,0,16,0,2,2,0,0,0,0,104.5,0,11.1,4,0,0,0,4,15,10,10,4,0,0,0,0,328.85
19,31.625,14,4,4,4,14,18.5,4,4,4,15,17,4,4,13,6.2,4,4,4,36,17,4,4,0,12,18.5,4,4,4,35,14,4,14,15.25,4,4,4,4,33.5,10,98,13,12.1,4,39.5,4,15.5,4,20,10,10,4,40,16,100,13.5,846.175
20,42,18,4,4,4,19,20,4,0,0,25.75,0,0,0,20,18,2,4,4,40,20,4,4,4,18.5,19,4,4,4,39,18,4,11,16,4,4,4,4,34.5,20,100.5,15,16.8,4,38,9,20,4,20,10,10,2,40,16,91,16.5,906.55
0,26,0,0,0,0,0,0,0,0,0,0,0,0,0,0,0,2,2,0,0,0,4,0,0,0,0,0,0,0,0,0,0,0,0,0,0,0,0,0,0,0,0,0,0,0,0,0,0,0,0,0,0,0,0,0,0,34
20,28.25,0,4,0,0,16,17,4,4,4,22.75,19,4,4,16,18.5,4,4,2,40,19,4,4,4,6,19,4,4,2,27.5,18,4,12,19,4,4,4,4,30.5,15,100,0,16,4,27,0,14,4,0,10,7,4,0,14,100,0,744.5
20,37.25,16,4,4,4,20,20,4,4,4,38.5,16,4,4,20,19.2,4,4,4,36,20,4,4,4,14.66666,20,4,4,4,34,14,4,14,19.5,4,4,4,4,33,10,100,15,14.7,4,38.25,4,20,0,13.5,10,9,4,39,17,110,7,920.56666
19,38.25,14,4,2,4,19,18.5,4,4,4,34,20,4,4,13,0,4,4,0,40,15,4,3,0,12,0,4,2,2,0,0,0,0,0,0,4,0,0,0,0,0,0,0,0,0,4,0,0,0,0,0,0,0,0,0,0,303.75
20,40,14,4,4,4,19,17.5,0,4,4,29.5,20,4,4,16,18,4,4,4,38,18,4,4,3,11.5,0,4,4,4,40,16,4,12,0,4,4,4,0,35.75,20,40,15,11.6,4,0,9,17,4,11.5,10,10,0,39,20,0,11.5,671.85
20,40,18,4,4,4,20,20,4,4,4,36,16,4,4,20,20,4,4,4,40,20,4,4,4,14.16666,20,4,4,4,38,16,4,14,20,4,4,4,4,36.5,10,100,15,13,4,39.75,4,20,4,10,10,10,4,40,19,110,0,934.41666
20,10,0,0,0,0,11,0,0,2,2,0,11,0,0,11,0,4,0,0,0,0,0,0,0,4,16.5,0,0,0,33,13,0,0,18,0,4,0,0,13,10,98,11,2,0,25,4,0,0,0,0,2,0,0,12,75,0,411.5
20,41,20,4,4,4,20,20,4,4,4,36,20,4,4,20,20,4,4,4,40,20,4,4,4,14.16666,19,4,4,2,33,17.5,2,14,16.5,4,4,4,4,35,20,100,15,15,4,40,4,20,4,19.5,10,10,4,40,19,110,11,960.66666
20,38.875,16,4,4,4,19,17.5,4,4,4,25.75,0,4,4,16,19.2,4,4,4,35,20,4,4,4,13.33333,20,4,4,4,33.5,0,4,11,17.5,4,4,4,4,29,19,100,11,7.7,4,34.5,4,19.5,0,6,10,10,4,40,11,100,15.5,840.85833
2,30.625,10,4,2,4,17,20,4,2,4,23.375,15,2,3,11,12,4,3,2,40,19,4,4,4,9.83333,20,4,4,4,40,16,4,9,16,0,4,4,4,35.75,10,99.5,16,8,4,40,7.5,18,4,9,10,10,4,20,17,100,8.5,811.08333
20,38.5,14,4,4,4,19,16.5,4,4,4,29.75,13,4,2,7,15.6,4,4,4,40,16,4,4,2,8.5,20,4,4,4,33,17.5,4,7,17.5,4,4,4,4,27.25,10,109.5,16,9.5,4,35,10,15,4,20,10,10,4,34,13,100,6.5,859.6
20,0,14,4,4,4,18,18.25,4,4,4,23.5,20,4,4,15,16,4,4,2,40,17,4,4,2,9.83333,20,4,4,2,16,15,4,12,20,2,4,4,4,40,20,96.5,15,9.5,4,31,4,20,4,9,10,9.5,4,40,10,100,15,821.08333
20,40,14,4,4,4,18,20,4,4,4,27.75,16,4,4,20,16.8,4,4,4,35,18,4,4,4,11.66666,18.5,4,4,4,31,14,0,11,20,4,4,4,4,36,10,105,12,15.9,4,39.25,0,15.5,4,16.5,10,10,4,40,15,100,8,885.86666
20,35.5,14,4,4,4,15,17.5,0,4,4,32.25,16,0,0,11,0,2,0,0,40,19,4,4,4,13.16666,20,4,4,2,35,17,4,7,16,2,4,4,4,38,10,100,15,17.3,2,40,0,0,4,15,10,9.5,4,39,19,110,0,828.21666
19,34.5,14,4,0,0,18,17,0,4,4,27.75,0,2,2,17,0,4,4,4,38,0,0,0,0,7,0,2,2,2,22,9,4,11,0,4,4,4,2,17,10,95.5,9,15.7,0,34.25,0,20,4,20,0,0,4,40,13,100,0,668.7
20,42,14,4,4,4,18,18.5,4,4,4,32.25,16,4,4,19,20,4,4,4,40,20,4,4,4,15.83333,19,4,4,4,36,20,4,12,15.5,4,4,4,4,32.5,0,100,14,16.8,4,40,4,20,4,7.5,10,10,4,40,19,15,14.5,826.38333
19,35.5,16,4,0,0,17,17.75,0,0,0,21.75,16,0,0,12,0,0,0,0,37,8,4,4,0,6,0,2,4,2,29.5,14,4,7,11.75,4,2,4,4,31.75,10,97.5,15,9,4,40,0,15.5,4,4.5,10,6.5,4,40,13,100,1.5,717.5
19,5.5,18,4,4,0,17,16,4,4,4,25.25,8,4,2,15,12.2,2,0,0,40,0,0,0,0,0,0,0,0,0,36,12,0,15,0,4,4,0,0,0,0,0,0,0,0,0,4,0,0,0,0,0,0,0,0,0,0,278.95
20,16,14,4,4,4,18,18.5,4,4,4,31,10,4,4,19,13.4,4,4,4,40,16,4,4,2,11.16666,18,4,4,4,39,9,4,12,19.25,2,4,4,4,26,10,96.5,17,9,4,25.5,4,14,4,7.5,10,9.5,4,40,20,100,9.5,818.81666
20,35.25,14,4,0,0,15,18,3,4,4,16.5,15,4,4,17,7.3,4,4,2,40,19,4,4,3,9.5,14,4,2,2,40,18,2,10,18.5,2,4,4,2,28.75,19,100,18.5,14.7,4,34.5,0,20,0,14,10,10,4,40,20,100,10.5,846
20,35.25,5.5,4,4,4,13,19.5,0,4,4,0,0,0,0,15,8,2,0,0,29,0,0,0,0,6.5,10,4,2,2,0,12,0,9,12,4,4,0,0,36,10,72.5,9,12.5,4,37.5,0,19,4,11.5,0,7,4,39,15,100,11,629.75
19,42,14,4,4,4,19,18,4,4,4,28.25,15,4,2,17,18.1,4,4,2,36,16.5,4,4,3.5,12.33333,20,4,4,4,37,8,4,11,16,4,4,4,4,36,10,100,12,10,4,40,4,19.5,4,13.5,10,8.5,4,40,14,100,5.5,870.68333
20,40.125,18,4,4,4,20,19.5,4,4,4,33.25,12,4,4,19,20,4,4,4,35,20,4,4,4,0,20,4,4,4,28,13,4,16,18,2,4,4,4,39,15,104,20,17.5,0,37,4,20,0,20,10,10,4,40,20,110,18,931.375
20,40,14,4,4,4,17,15,4,4,0,0,0,4,4,19,0,4,4,4,40,20,4,4,0,12,19,0,0,0,40,18,0,11.5,0,4,4,0,0,34.5,0,64.5,15,6.7,0,38,0,0,0,5,0,0,0,0,0,15,0,525.2
20,35.5,14,0,4,4,18,9.25,4,4,0,16.5,16,0,4,16,11,0,0,0,40,19,4,4,0,9,16,0,0,0,0,19,0,8,15.5,0,4,0,2,21.5,15,99.5,16,6,4,0,0,14,4,10,10,9.5,0,0,0,94,0,620.25
20,20.375,0,0,0,0,0,0,4,4,0,0,15,4,4,12,0,2,4,0,40,16,4,4,2,8.66666,18,4,2,2,38,15,4,7,15.5,4,4,0,0,30.75,10,99,15,9,4,27.625,5,14.5,4,9.5,10,10,4,40,19,110,4,707.91666
19,14,16,4,0,4,15,19,4,4,4,2,19,4,4,17,7,4,4,2,35,20,4,4,2,11,0,4,4,2,27,0,4,0,20,4,4,4,4,32.5,10,26,12,7.2,4,0,5,15.5,4,3.5,10,8,4,0,17,0,6,483.7
20,34.375,20,0,0,0,20,18.5,0,4,4,22,16,4,4,16,9.8,0,0,0,32,9,0,0,0,0,0,0,0,0,0,10,0,9.5,14.5,4,4,4,0,28,0,98.5,12.5,6,4,0,4,15.5,4,6,0,0,0,39,15,100,10,627.175
20,40.5,10,4,4,4,18,20,4,4,4,26.5,16,4,4,15,13.2,4,4,2,40,18,4,4,3,12.5,18,4,2,2,35.5,14,4,6,15,4,4,4,4,38,20,99,15,4.5,4,40,0,14,0,0,10,9.5,4,40,18,100,0,840.2
19,39,18,4,4,4,19,19,4,4,4,33.25,16,4,4,19,16,4,4,4,40,19,4,4,3,12.16666,18.5,4,4,4,37,19,4,15,17.5,4,4,4,4,34.75,15,87,15.5,14.9,4,38,0,13,4,17,7,7,2,39,17,100,6.5,887.56666
20,42,8,4,4,4,19,19.5,4,4,4,28,20,4,2,18,20,4,4,2,40,16,4,4,4,14.83333,4.5,4,2,2,26,12,4,17,20,4,4,4,4,37,15,106,15,18,4,40,9,20,4,17,10,10,4,40,16,110,10.5,915.33333
20,30.75,14,0,0,0,16,17.5,4,0,0,14.25,14,4,4,10,7.8,4,4,2,36,17,2,2,0,10.5,20,4,4,2,10.5,7,2,6.5,20,4,4,0,0,29.5,10,93.5,16,5.1,4,32.5,0,18,0,5,10,10,0,40,14,100,4,714.4
20,37.875,14,4,4,4,17,20,4,4,4,12,20,4,4,18,20,4,4,4,40,20,4,4,4,17.16666,20,4,4,4,38,18,4,12,20,4,4,4,4,37.5,20,100,15,16.5,4,40,5,20,4,20,10,10,4,40,20,100,9.5,932.54166
19,38.125,16,4,4,0,17,15.5,4,4,4,23.75,8,4,4,17,14.8,4,4,4,40,16,4,4,2,10.5,17.5,4,4,4,37,17,4,0,12.5,4,4,4,4,34.25,20,95.5,18,4.5,0,0,0,15.5,4,8.5,10,10,0,34,6,100,8,774.925
20,41,14,4,4,4,16,18,4,4,4,20.75,16,4,4,18,13.4,4,4,0,40,17,4,4,4,9.66666,20,4,2,4,40,18,4,10,18,2,4,4,4,30,20,100,18.5,15.9,4,35.25,5,20,4,20,10,10,4,40,20,100,11.5,902.96666
20,4,0,0,0,0,18,0,0,2,4,0,0,0,0,9,0,0,0,0,0,0,0,0,0,9,0,2,2,2,0,0,0,0,18.5,0,4,0,0,0,0,99.5,0,0,0,0,0,0,0,0,0,0,0,0,0,0,0,194
20,34.25,14,4,0,0,15,20,0,0,0,0,15,0,0,9,12.6,0,0,0,40,16,0,0,0,0,18,0,0,0,29,7,0,7,14.5,4,4,0,0,38.5,10,94.5,15,4.9,0,39.25,0,20,4,15,10,10,4,39,12,100,12,716.5
20,14,14,4,4,4,18,18.5,4,4,4,28.75,16,2,4,18,16,4,4,2,40,17,4,4,4,12.16666,20,4,2,4,39,17,4,9,18,4,4,4,4,38.5,10,97.5,0,9.7,4,40,4,15.5,4,8,10,10,4,40,16,100,0.5,834.11666
20,38.625,18,4,4,4,20,20,4,4,4,35.5,20,4,4,20,16.5,3,4,2,40,20,3,3,4,17.83333,19.5,2,2,4,33,16,4,11,18,4,4,4,4,39,19,100,15,9.8,0,35.75,0,20,4,14,10,10,4,40,20,100,14.5,923.00833
2,34.5,8,4,4,4,18,20,4,4,4,22.75,14,4,4,16,12,4,4,4,40,20,0,4,4,10,18.5,4,4,4,38,15,4,6,15.75,4,4,4,4,33.5,20,100,12.5,6.7,4,38.25,10,13,4,20,10,9,4,40,18,100,1.5,843.95
20,9.5,0,0,0,0,0,0,0,0,0,28.75,13,4,4,20,13.3,0,0,0,16,19,4,4,0,11,18,0,0,0,34,0,4,11,0,0,4,4,4,37,0,105,13,14.6,4,0,40,0,0,0,0,0,0,0,0,0,0,459.15
20,34.75,12,4,4,4,14,16,4,4,4,25.5,13,2,2,16,0,2,4,4,35,16,4,4,2,7,12.5,2,2,2,22,9,4,9.5,13.5,4,4,4,4,31,10,68,10,6.5,4,39,5,16.5,4,6,10,9.5,4,40,0,100,0,713.25
20,37.5,0,4,0,4,14,0,4,0,0,0,0,0,0,8,0,2,0,0,0,0,0,0,0,0,0,0,0,0,0,0,0,0,0,4,4,0,0,0,0,0,0,0,0,0,0,0,0,0,0,0,0,0,0,0,0,101.5
20,35.875,14,0,0,0,19,19.5,4,4,4,23.75,8,4,4,16,20,4,4,4,35,19,4,4,4,11.66666,20,4,4,4,37,16,4,10,18,4,4,4,4,21.5,10,96.5,15,15,4,20.25,0,20,4,14,10,9.5,4,39,8,100,8.5,823.04166
20,30.5,14,0,4,0,15,15.5,4,4,4,0,0,4,4,0,0,2,0,0,0,17,4,4,0,12.5,0,4,4,2,0,8,4,10,0,4,4,4,4,24.75,0,15.5,15,5,0,0,0,0,0,0,0,0,0,0,0,0,0,266.75
20,39,14,4,4,4,20,17,4,4,4,24,20,4,4,17,14,4,4,4,40,18,4,4,2,10.66666,19,4,4,4,32,13,4,11,17,4,4,4,4,16.25,15,104,10.5,14.6,4,32.5,0,15.5,4,14.5,10,10,4,40,13,100,7,851.51666
20,11.5,8,4,4,4,2,17.25,4,4,4,31,14,4,2,20,10.5,4,4,4,40,19,4,4,4,7,20,4,4,2,39,14,4,17,14.5,4,4,4,4,32,15,84.5,16.5,15.8,4,28,0,20,4,19,0,0,2,39,18,100,11,802.55
20,39.625,20,4,4,0,18,20,4,4,4,30.625,20,4,0,20,18.5,4,4,2,40,20,4,4,4,15.33333,19.5,4,4,4,39,20,4,18,17.5,4,4,4,4,39.5,20,104.5,18,17,4,39.5,0,20,4,18,10,10,4,40,18,100,12,957.58333
19,38,14,3,4,4,16,18.5,4,4,4,32.125,19,4,4,18,14.8,2,4,3,40,15,4,2,3,14.16666,19.5,4,3,2,33,0,4,15,0,4,4,0,0,0,20,100,16,14.4,2,36.75,15,20,4,19,10,10,4,0,0,100,0,772.24166
20,25.375,14,0,4,4,0,0,4,4,4,0,0,0,0,0,0,0,0,0,40,20,4,4,4,0,20,4,4,0,26,13,0,8,16,0,0,0,0,34.5,0,56,0,1,0,30.75,0,15,0,13,10,9.5,4,40,10,100,0,572.125
20,39,17,4,4,4,18,20,4,4,2,33.25,12,4,4,19,16,3,4,3,36,19,2,3,2,13,20,4,4,3,35,18,4,5,18,4,4,4,4,39.5,20,105,20,10.2,4,38.5,0,15.5,4,8,10,10,2,40,20,75,6.5,864.45
20,30,14,0,0,0,13,15.75,0,0,0,0,11,4,0,15,6.4,2,4,0,11,14,0,0,0,0,17.5,0,0,0,0,0,0,11,13.5,0,3,0,0,13,10,100,0,4,0,0,4,0,0,0,0,0,0,0,0,0,0,336.15
20,40,16,4,4,4,18,20,4,4,4,38,18,4,4,16,15,4,4,2,36,20,4,4,4,15.83333,19.5,4,4,4,40,16,4,14,19.5,4,4,4,4,36,20,110,15,15.8,4,40,10,0,4,15,10,10,4,40,19,100,4,929.63333
20,33.5,14,4,4,4,19,13.5,0,4,4,24.25,13,4,4,19,17.7,4,4,2,20,17,4,4,4,15.16666,18,4,4,2,36,15,4,10,20,4,2,4,4,38,15,105,13,9.8,4,40,0,0,4,10,10,10,2,40,20,100,7,835.91666
2,29.125,14,0,0,0,17,16,0,4,4,0,8,0,0,0,14,2,4,2,4,0,0,0,0,0,17,0,0,0,0,13,0,6,0,4,4,0,0,21,10,79,12,0,0,38,0,20,0,0,10,10,0,0,0,0,0,364.125
19,38.5,19,4,4,4,19,19,0,4,4,34.75,20,4,4,20,18,4,4,2,40,20,4,4,3.5,13.66666,0,4,4,2,39,17,4,12,17,4,4,4,4,0,15,80,12,15.5,4,37,4,15.5,4,18,0,0,4,0,0,100,0,754.41666
20,39.625,16,4,4,4,15,17.25,4,4,4,16.5,18,4,4,10,11,4,4,4,31,17,4,4,4,10.5,17.5,4,4,2,29,14,4,8,15.5,4,4,4,4,22,0,97,12,5,4,26.25,0,0,4,0,0,0,4,40,18,100,7.5,731.625
20,37.5,14,4,0,0,16,20,4,4,4,27.25,16,4,4,16,16,4,4,4,40,19,4,4,4,10,19.5,4,4,4,38,18,4,12,20,4,4,4,4,35,10,100,18,9.1,4,35.5,4,15.5,4,6,10,9.5,4,40,16,100,6.5,871.35
7,31.5,14,0,0,0,11,16.75,0,2,4,0,12,2,2,6,7,4,4,2,26,14,4,4,4,7,20,4,2,2,14.5,15,4,5,16,4,4,4,4,37,19,91,15,3.5,0,27,0,19.5,0,2.5,10,2,0,0,0,0,3.5,512.75
20,39,16,4,4,4,14,19.25,0,0,0,21.75,18,4,4,0,18,0,0,0,0,19,4,3,4,4,0,2,2,2,40,18,2,9,16,4,4,4,2,37,10,97,0,5,0,0,4,20,0,0,0,0,0,20,7,91,0,621
20,42,16,4,4,4,17,19,4,4,4,31.75,11,4,4,19,13.8,4,4,4,40,20,4,4,4,11.83333,20,4,4,4,39,20,4,17,20,4,4,4,2,32,20,110,20,17.8,4,40,4,20,4,20,10,10,4,40,14,110,9,957.18333
2,29.625,14,4,2,4,16,19.5,4,2,2,14,16,2,4,10,16,4,4,2,40,19,4,4,4,8.66666,20,4,4,4,38,15.5,4,8,17,0,4,4,4,32.75,20,100,16,8,4,40,10,18.5,4,3.5,10,10,4,40,14,100,0.5,817.54166
20,7,18,4,0,0,0,0,0,0,0,23,0,0,0,8,0,0,0,0,31,0,0,0,0,6,0,2,2,2,0,0,0,6,9,4,4,4,4,0,0,0,0,7.5,4,0,0,20,4,3,0,7,0,19,16,40,0,279.5
20,41.5,20,4,4,4,17,19.5,4,4,4,24,13,4,4,19,12,4,4,2,40,20,4,4,4,11.66666,20,4,4,4,33.5,19,4,10,20,2,4,4,4,38.5,0,52,18,8.4,4,40,0,15.5,4,9.5,10,10,4,40,16,100,2.5,816.56666
0,2,0,0,0,0,0,0,0,0,0,0,14,4,4,0,0,0,0,0,0,0,0,0,0,0,0,0,0,0,0,0,0,0,0,0,0,0,0,0,0,0,0,0,0,0,0,0,0,0,0,0,0,0,0,0,0,24
19,38.5,19,4,4,4,16,18.5,4,4,4,28.5,20,4,4,16,10.4,4,4,2,40,18,4,4,3,13.5,12.5,4,4,4,33,18,4,10,17,4,4,4,4,32.875,15,100,15,15.5,4,36.75,4,13,4,11,10,10,4,40,4,100,11.5,868.525
20,35.5,16,4,4,4,20,18.5,4,4,4,5.5,15,4,4,19,16,4,4,4,40,18,4,4,4,12.83333,15.5,4,4,2,34,16,4,9.5,20,4,4,4,4,35.5,20,100,13,12.5,4,0,0,15.5,4,7,10,10,4,40,18,35,8,758.83333
20,36.375,16,4,0,0,17,20,4,4,4,0,0,0,0,20,0,2,4,2,0,0,0,0,0,13.5,13.5,2,4,2,0,14,0,10,0,4,4,0,0,0,0,85,0,0,0,0,0,0,0,0,0,0,0,0,0,40,0,345.375
20,39,14,4,4,4,15,18.5,4,4,4,10.5,14,4,4,17,6.5,4,4,4,40,16,4,4,4,13,12,4,4,4,37.5,18,4,12,18.5,0,4,4,4,29,19,100,9,17.1,4,32.5,0,20,4,16,10,10,4,40,20,100,11,856.1
2,22.625,14,0,4,0,17,17.25,4,4,2,24.75,6,4,4,8,0,4,4,2,40,17,3,3,0,0,19.5,4,2,3,24,11,4,7,17.5,4,4,4,4,24.75,10,82,12,10.4,4,28,2,13.5,0,9.5,10,10,0,40,20,100,11.5,702.275
20,36.5,18,0,4,3,18,18.5,3,4,4,12,20,4,4,17,14.8,3,4,2,0,0,0,0,0,12.16666,18,0,0,0,38,14,0,13,18,0,4,0,0,0,0,104,18,6.1,0,30,0,19.5,0,18,10,10,0,40,14,40,14,655.56666
2,34.25,14,4,4,4,17,16.5,0,4,4,15,20,4,4,13,14.1,4,4,2,36,18,4,4,3,13.66666,18.5,4,4,4,26.5,11.5,4,9,16,4,4,4,4,35,15,93,12,11.8,4,36.5,0,19.5,4,13,0,0,4,30,10,100,14.5,780.81666
20,9.5,0,0,0,0,16,18,4,4,2,28,16,4,4,17,11.5,2,4,4,40,18,4,2,0,15.16666,15.5,4,2,2,33,16,4,15,13.5,4,4,4,3,0,10,100,0,13.5,2,38.5,10,19,4,20,10,10,4,0,5,110,3,727.16666
20,37.25,20,4,4,4,18,20,4,4,4,40,14,4,4,19,15.6,0,0,0,38,17,4,4,3,14.5,18,4,4,4,40,16,4,13,20,4,4,4,4,37,15,105,18,18.8,4,38.75,5,19.5,4,18,10,10,4,40,17,100,15.5,939.9
20,35.5,14,0,0,0,9,5,0,4,4,0,13,2,4,11,7.4,4,4,2,16,12,4,2,0,7.33333,17.5,4,4,0,17.5,15.5,2,14,14,4,4,4,4,36,20,93.5,14.5,14.1,0,27,5,20,0,4.5,0,0,0,0,0,0,0,519.33333
20,34.875,14,4,4,4,0,0,4,4,0,0,0,0,0,13,0,4,4,2,20,0,4,0,0,9,0,4,4,2,21.5,6,0,8,16,4,4,0,0,0,0,53,16.5,3.5,0,14,0,0,0,0,0,0,0,0,0,0,0,301.375
20,39.5,19,4,4,4,16,20,0,0,0,26,16,4,2,13,10.8,4,4,2,15,18,4,4,3,9.66666,13,4,4,2,38,20,0,11,17.5,4,4,4,4,32,19,96,15,11,4,39.5,0,16,4,10.5,10,10,4,40,16,100,0,819.46666
20,30,18,3,0,4,14,0,4,4,4,0,15,4,2,12,2,4,4,4,40,18,4,4,0,9.5,17.5,4,2,0,34,18,4,10,18,4,4,4,4,35.25,10,104.5,18,4.2,0,36.75,0,20,4,8,10,10,4,0,12,100,11,737.2
20,38.5,14,4,0,0,20,20,0,0,0,32,20,4,4,20,19.2,4,4,4,40,19,4,4,4,13.33333,13,4,4,4,40,17,4,15,17.5,4,2,4,4,36,20,105,16,17,4,40,0,15.5,4,17.5,10,10,4,20,18,100,0,886.53333
20,37.5,0,4,4,0,17,15,4,4,4,23.75,15,4,4,17,17.5,2,4,2,40,19,4,4,2,10.6,18.5,4,2,4,27,10,4,11,20,4,4,4,4,0,0,77,18,5.6,4,34,0,10.5,4,0,10,10,4,40,20,100,7,743.95
20,38.75,18,4,4,4,20,20,4,4,4,38.5,20,4,4,19,18,4,4,4,40,20,4,4,4,20,20,4,4,4,37,20,4,19,19,4,4,4,4,38,20,100,20,17,4,37,44,19,4,18.5,0,10,0,40,17,100,4,992.75
20,40,20,4,4,4,20,20,4,4,4,36.5,19,4,4,17,19.2,4,4,4,40,19,4,4,4,13.66666,20,4,4,4,39,20,4,18,16.5,4,4,4,4,38,15,100,12,18.1,4,38.5,4,20,4,20,10,10,4,39,17,100,12,956.46666
20,42,20,4,4,0,20,20,4,4,0,26,20,4,4,19,16.2,4,4,2,40,19,4,4,2,11.5,20,0,0,0,37,18,4,14,16,4,4,4,4,36,10,100,13,12.8,4,31,4,16,4,16,10,10,4,40,8,91,0,857.5
20,29,0,4,4,4,19,6,4,4,4,36,19,4,4,11,0,4,4,4,20,20,4,4,4,8.5,0,4,4,2,0,16,4,10,19.5,4,4,4,4,19.6,10,0,16,0,4,0,5,0,4,0,0,0,4,0,0,0,0,382.6
20,39,14,4,4,4,17,17.5,4,4,4,24,16,4,4,16,16,4,4,4,34,17,4,4,4,13.33333,19,4,4,4,32,11,4,9,0,4,0,4,4,28,5,97.5,12,14.7,4,30,4,12.5,4,13,10,10,4,40,14,100,9.5,816.03333
20,39.5,16,4,4,4,18,16.5,4,4,4,29.75,20,4,4,20,16.5,2,4,4,35,19.5,4,4,4,13.5,18,4,4,4,40,16,4,18,19,4,4,4,4,39,15,104.5,9,13.5,4,40,0,13.5,4,13,10,10,9,40,16,100,0,906.75
20,39.5,20,4,4,4,17,20,4,4,4,27,14,2,2,14,19,4,4,4,40,18,4,4,2,11.33333,18.5,4,4,4,37,20,4,12,17.5,4,4,4,4,39,10,100,16,7.7,4,39.75,4,20,4,4.5,10,10,4,0,0,100,0,824.78333
20,38.625,20,4,4,0,18,18.5,4,4,4,29.25,18,4,4,20,20,4,4,2,40,19,4,4,2,15.16666,16,4,4,4,0,0,0,10,15.5,4,4,4,4,31.5,19,0,13,9.8,4,35.75,0,20,4,19.5,10,10,0,40,16,110,8,749.59166
20,35.25,14,4,4,4,19,18.5,4,4,4,30.75,16,4,4,19,12,4,4,4,40,19,4,4,4,14.16666,19.5,4,4,4,33,16,4,11,20,4,4,4,4,35.5,10,105,12,13,4,40,4,15.5,4,9,10,10,4,40,16,100,8.5,890.66666
20,41,20,4,4,4,17,20,4,4,4,20.75,10,0,0,18,16.5,3,4,2,40,19,4,2,0,13,11,4,2,2,37,18,4,10,16.5,4,4,0,0,28.75,10,100,15,11.9,4,31,0,18.5,4,12.5,10,8.5,0,20,19,100,10,814.9
19,33,14,4,4,0,17,20,0,2,4,24,14,2,0,16,8,4,4,2,34,17,4,4,4,9.83333,12,0,0,0,27,5,4,7.5,11.5,4,4,2,2,27,10,57,9,7,4,16.25,0,9.5,4,8.5,0,10,0,40,16,100,9,675.08333
20,42,20,4,4,4,20,20,4,4,4,37.5,16,4,4,20,20,4,4,4,40,20,4,4,4,13.16666,20,4,4,4,39,20,4,18,20,4,4,4,4,37.5,10,100,14.5,16.6,4,40,4,20,4,14,10,10,4,40,18,110,0,955.26666
20,38.375,20,4,4,4,20,19.75,0,4,4,33.5,20,4,4,20,15,4,4,2,40,19,4,2,0,15.5,18,4,4,2,31,20,0,12,17,4,4,0,0,0,10,100,15.5,16.5,0,34,0,15.5,0,20,10,10,4,40,16,100,9,846.625
20,30.5,14,4,4,4,17,0,4,4,4,0,0,0,0,18,0,0,0,0,40,10,0,0,0,9,9.5,0,0,0,8,0,0,8,0,4,4,0,0,36.5,0,102,0,0,0,0,0,0,0,0,0,0,0,0,0,0,0,354.5
20,28.5,14,4,4,0,14,19.5,4,4,4,32.5,15,4,4,0,15,4,4,2,37,20,4,4,4,6.16666,19,4,4,2,18.5,17.5,4,5,17,4,4,4,0,27.75,10,27.5,16,4,4,6.5,0,15.5,4,6.5,10,9.5,4,34,12,100,7,677.91666
20,41,16,4,4,4,19,20,4,4,4,31.5,19,4,4,20,20,4,4,4,40,20,4,4,4,13.66666,20,4,4,2,37,20,4,15,0,4,4,4,4,39,20,110,15,16,4,40,0,18.5,4,11,10,10,4,40,19,100,0,923.66666
20,42,14,4,4,4,17,20,4,4,4,34.125,20,4,4,20,20,4,4,4,40,20,4,4,4,14.5,20,4,4,4,40,20,4,18,20,4,4,4,4,40,20,97,16,17.3,4,40,4,20,4,19.5,10,10,4,40,20,100,10.5,968.925
20,40,14,4,4,0,16,0,0,4,4,1.75,4,0,0,19,18,4,4,4,20,0,4,4,4,11.5,0,4,4,4,37,0,4,10,0,4,4,4,4,35,19,104.5,0,0,4,39,0,20,4,3,0,0,4,39,13,60,0,627.75
20,16,0,0,0,0,13,17,4,2,4,6.5,17,4,0,14,10.8,3,4,2,38,16,4,3,2,8.5,16.5,4,2,3,17.75,9,2,7,13.5,4,4,0,2,38,20,80,12.5,6.7,4,37.75,10,18.5,4,6.5,10,9.5,2,39,20,100,6,723
20,37.875,14,4,4,4,18,19.75,0,0,0,24,20,0,0,13,18,0,0,0,40,18,0,0,0,11,20,0,0,0,28,18,0,10,17.5,4,4,4,4,34.5,20,97.5,16,14.2,4,35.25,0,19.5,4,6,10,10,4,39,16,100,0,810.075
20,42,14,4,4,4,18,15.5,4,4,4,0,15,4,4,10,11.3,4,4,2,0,13,4,4,4,11.5,17.5,4,4,4,35,14,4,10,17.5,4,4,4,4,28.5,20,100,18,12.5,4,8.5,9,20,4,4,10,9,4,39,14,100,6.5,766.3
20,40.5,14,4,4,4,18,19.5,0,0,0,30.5,13,4,4,17,16,4,4,0,36,19,4,4,4,15.83333,18,4,4,4,40,20,4,14,19.5,4,4,4,4,40,19,109.5,18,14.8,4,40,0,20,4,17,0,0,4,39,19,100,10,906.13333
20,35.5,16,0,4,4,18,14.5,4,4,4,23.625,16,4,2,17,10,4,4,4,40,18,4,4,2,14.66666,12.5,4,4,4,21.5,9,4,9,19.5,4,4,4,4,33.75,20,94.5,13,10.5,4,36.5,0,14.5,4,15.5,10,10,4,40,20,100,13,843.04166
20,39.75,0,0,0,0,15,12.5,0,0,0,0,0,0,0,9,0,0,0,0,0,0,0,0,0,10.5,0,0,0,0,0,0,0,0,0,0,3,0,0,0,0,0,0,0,0,0,4,0,0,0,0,0,0,0,0,0,0,113.75
0,2,0,0,0,0,0,0,0,0,0,0,0,0,0,0,0,0,0,0,0,0,0,0,0,0,0,0,0,0,0,0,0,0,0,0,0,0,0,0,0,0,0,0,0,0,0,0,0,0,0,0,0,0,0,0,0,2
20,35,14,4,4,4,16,17,4,4,4,28.5,14,4,4,13,6,4,4,2,40,17,4,4,3.5,12.5,17.5,4,4,4,30.5,16,4,8,18,2,2,4,4,30,10,36.5,16,0,4,39,0,15.5,4,3,10,9.5,2,40,20,100,2,746
20,4.5,0,0,0,0,17,0,2,4,2,0,0,0,0,15,12,0,0,0,40,18,2,2,0,10,0,2,2,2,0,20,0,6,16,0,4,2,2,0,20,13.5,14,4,0,0,0,0,0,0,0,0,0,0,0,0,0,256
20,37.25,14,4,4,4,20,19.5,4,4,4,35.25,14,4,4,19,16,4,4,2,40,18,4,4,4,12.66666,20,4,4,4,39,19,4,14,20,4,4,4,4,38.5,20,99.5,18,19.8,4,40,4,15.5,4,20,10,10,4,40,20,100,17,952.96666
20,42,20,4,4,4,19,20,4,4,4,35.75,16,4,4,19,20,4,4,4,40,19,4,4,4,14.16666,20,4,4,4,39,16,4,18,18,4,4,4,4,39,15,100,16,16,4,40,4,20,4,14,10,9.5,4,40,16,100,14.5,954.91666
20,40.25,20,4,0,0,16,15,4,4,4,25.25,20,4,4,13,2.9,4,4,2,36,20,4,4,3,10.66666,15.5,4,4,4,38,8,4,11,15.5,2,4,4,4,35,10,105,13,14,4,39.25,24,20,0,17,10,9.5,4,40,16,110,10.5,888.31666
20,38.5,16,4,4,4,19,19.5,0,4,4,33.5,19,4,4,20,17,4,4,2,40,19,4,4,2,14.83333,20,4,4,2,39,18,4,10,17.5,4,4,4,4,34,10,99.5,11,9.9,4,40,0,15.5,4,18,10,10,4,40,16,100,16.5,906.23333
20,41.5,10,4,0,4,19,20,0,4,4,22.5,16,4,4,17,16,4,4,4,36,18,4,4,2,8.5,18,4,4,4,32,0,4,9,17.25,2,4,4,4,26.75,10,99.5,4,12,4,37.5,0,19,0,0,0,0,0,0,0,65,0,679.5
20,25,8,0,0,0,14,10.5,0,0,0,11,15,0,4,7,15.2,0,0,0,37,20,0,0,0,8.5,20,2,0,0,6,17,0,6.5,17.5,4,4,0,0,35.5,20,76.5,12.5,5,4,28.75,0,15,0,2,10,9.5,0,30,10,94.75,2.5,633.2
20,41,16,4,4,4,20,18.25,4,4,4,33.75,20,4,4,20,17.5,4,4,4,40,19,4,4,4,14.16666,17.5,4,4,4,40,16,4,17,18.5,4,4,4,4,38,19,110,15,15,4,40,4,15.5,4,18.5,10,10,4,39,20,100,4,951.66666
20,42,16,4,4,4,20,20,4,4,4,39,20,4,4,20,20,4,4,4,40,20,4,4,4,19.3,20,4,4,4,40,20,4,18,20,4,4,4,4,40,20,100,15,16.6,4,40,9,20,4,20,10,10,4,40,20,100,8.5,988.4
20,10,0,0,0,0,7,0,0,0,0,0,0,0,0,0,0,0,0,0,0,0,0,0,0,0,0,0,0,0,0,0,0,0,0,0,4,0,0,0,0,0,0,0,0,0,0,0,0,0,0,0,0,0,0,0,0,41
20,37.5,8,4,4,4,18,20,4,2,4,27.5,18,4,4,18,12,2,4,3,40,19,4,3,4,11,17.5,4,4,3,38,17,4,9,15.5,4,4,4,4,33.75,10,105,16.5,9,4,40,4,15.5,4,5.5,10,7,0,39,14,100,5,854.25
20,33.5,14,0,0,0,0,0,0,0,0,0,0,0,0,11,12,0,0,0,40,19,0,0,0,8,0,0,0,0,0,0,0,0,0,0,0,0,0,13,15,82,0,0,0,0,0,10.5,0,14,0,0,0,40,19,70,0,421
20,38.25,14,4,4,4,18,18.5,4,4,4,24.25,19,4,2,17,14,4,4,2,40,19,4,4,0,6.5,8.5,4,4,4,29,13,4,7,14.5,4,4,4,4,35.5,10,100,18,8.2,4,28.5,4,10,4,10,10,7,4,40,19,100,0,817.7
19,31.5,14,4,0,0,0,0,0,0,0,0,17,0,0,0,0,0,0,0,0,0,0,0,0,0,0,0,0,0,5,0,0,6.5,15.5,4,4,0,0,0,0,0,2,0,0,0,0,0,0,0,0,0,0,0,0,0,0,122.5
20,20.5,0,0,0,0,0,0,0,0,0,11.25,20,0,0,9,0,0,0,0,0,0,0,0,0,0,0,0,0,0,40,0,0,5,15,4,4,0,0,25.75,0,54,0,0,0,33,0,0,0,0,0,0,0,0,0,100,0,361.5
20,40.125,16,4,4,4,19,19.5,4,4,4,33.75,20,4,4,20,14,4,4,4,40,20,4,4,4,11.5,0,4,4,4,37,20,4,12,16.5,4,4,4,4,33.75,10,100,16,14.8,4,38.5,9,20,4,10.5,10,10,4,0,0,100,0,836.925
20,39.5,14,4,4,4,19,20,4,4,4,36,20,4,4,20,20,4,4,4,40,0,4,4,4,13.33333,14,4,4,4,24,16,4,16,16,2,4,4,4,39,19,109.5,15,13.5,4,40,0,20,4,19,10,10,4,40,20,100,13,918.83333
20,36,16,4,4,4,17,19,4,4,4,31.75,14,4,4,19,15,4,4,4,40,20,4,4,4,13.83333,20,4,4,2,38,18,2,18,20,2,4,4,4,34,20,110,20,18.8,4,40,0,19.5,4,19.5,10,10,4,40,0,100,11,927.38333
20,37.75,14,4,4,4,18,18,0,0,0,30.25,11,4,4,19,16.2,4,4,0,40,19,4,4,4,15.16666,0,4,4,4,35,17,4,12,18,4,4,4,4,34,10,100,10,11.5,4,30.5,0,15.5,4,18,10,9.5,2,0,0,100,0,771.36666
20,39.75,16,4,4,4,20,20,4,4,4,28.75,0,0,0,17,16,4,4,4,40,20,4,4,4,10,20,4,4,4,32,6.5,4,13,17.5,4,4,0,0,36,10,98,17.5,16,4,40,9,12,4,11,10,10,4,40,17,110,13,875
19,35.125,20,4,4,4,17,18.5,0,4,0,3.5,16,0,0,20,17.1,4,4,4,40,16,4,4,3.5,13.16666,18.5,4,4,4,36,7.5,4,11,13.5,4,4,4,4,37,10,100,12,11,4,39.5,5,20,4,10,10,8,4,39,8,100,3.5,823.39166
20,41,18,4,4,4,18,19.75,4,4,4,26.25,14,4,4,20,14.5,4,4,2,40,20,4,4,4,10.5,19,4,4,2,36,18,4,11,18,2,4,4,4,39,15,99,15,7.7,4,37.5,4,18.5,0,11.5,7,7,4,40,16,100,0,876.2
19,41.25,14,4,0,4,18,17.5,4,4,4,27,15,0,2,17,15,4,4,4,36,18,4,4,3,11.33333,19,4,4,4,37,19,4,11,17.5,4,4,4,4,38.75,10,97,16,16.4,4,40,0,15.5,4,0,10,9,2,39,3,100,0,839.23333
20,42,14,4,4,4,19,20,4,4,4,32.5,16,4,4,20,16,4,4,4,40,20,4,4,4,13.83333,20,4,4,4,39,20,4,18,20,4,4,4,4,24.15,10,110,18,17,4,40,4,20,4,20,10,10,4,40,18,110,6,952.48333
20,41,14,4,4,4,20,18.75,4,4,4,24.125,20,4,4,19,11.2,4,4,0,40,18,4,4,4,12.66666,19.5,4,4,2,39,9,4,11,15.5,4,4,4,4,32.5,19,100,10,17.5,4,40,15,15,4,18,10,10,4,40,18,100,19.5,916.24166
20,39.5,8,4,4,4,20,18.5,0,4,4,10.5,12,4,0,18,19,2,2,0,40,18,4,2,3.5,9.5,19.5,4,2,4,37,13.5,4,6,20,2,4,0,0,37.5,10,100,10,5.4,0,40,4,15.5,4,15.5,10,10,4,40,15,100,9,821.4
20,0,14,4,4,4,19,20,0,4,4,31.75,20,4,4,20,17,4,4,2,40,19,4,4,4,15.83333,20,4,4,2,39,18,4,18,17.5,2,4,4,4,35,10,100,10,15,4,40,29,20,4,18,10,10,4,40,14,100,18,913.08333
20,42,14,4,4,4,18,19.5,0,4,4,28.25,20,4,4,20,15.2,4,4,2,40,17,4,4,4,14.33333,20,4,4,2,37,18,4,19,18,2,4,4,4,34,20,100,4,9.2,4,39.5,4,20,4,18,10,10,4,40,14,100,17,914.98333
0,29,0,0,0,0,0,0,0,0,0,28.25,0,0,0,15,0,0,0,0,32,0,0,0,0,0,0,0,0,0,15,0,0,16,0,0,0,0,0,0,0,0,0,0,0,0,0,0,0,0,0,0,0,0,0,0,0,135.25
20,29.5,14,4,4,4,11,18.5,4,4,4,29.25,19,4,4,18,12,4,4,4,40,20,4,4,4,12.5,19.5,4,4,4,31,16,4,10,20,4,4,4,4,36,15,105,18,15.5,4,37.5,4,15.5,4,4,10,10,4,36,14,100,0,865.75
20,37,14,0,0,0,19,19.5,0,0,0,28.25,20,2,2,20,7.8,2,4,2,15,0,4,4,2,9.5,0,2,4,2,37,13,4,10,20,4,4,4,4,32.25,10,100,15,9.5,4,28,9,15.5,4,13,10,9.5,4,40,19,110,0,777.8
20,39.125,18,4,4,2,18,10.5,4,4,4,33.875,18,4,4,16,16,4,4,4,40,17,4,4,4,13.16666,18.5,4,4,4,33.5,16,4,0,18,4,4,4,4,34,20,76.5,9,0,0,38.5,4,20,4,12,10,10,4,40,14,69.75,10,812.41666
20,5.5,14,0,0,0,6,0,0,0,0,0,17,0,0,0,12,4,4,4,37,18,4,4,4,5,18,4,4,2,16,17.5,4,6,17.5,4,4,4,4,30.5,10,58,0,4,4,21.875,4,20,4,0,10,9.5,2,10,6,91,1.5,560.875
2,41.25,14,4,0,0,14,14,0,0,0,11.75,11,0,0,13,0,4,4,0,13,15,4,0,0,0,0,4,3,2,33,0,0,6,19.5,4,4,4,4,34.75,15,79.5,16,3,0,0,4,15.5,4,2,10,10,0,40,16,94.75,7,605
20,40.5,20,4,4,4,18,12,4,4,4,5,13,4,4,16,18,4,4,4,38,20,4,4,4,8.83333,20,4,4,4,40,17,4,11,18,4,4,4,4,37.5,15,102,14.5,5.2,4,40,0,16,4,4.5,10,8.5,4,39,11,100,0,841.03333
20,15,14,0,4,3,16,16.75,4,2,4,40,16,4,4,16,17.2,4,4,4,40,20,4,4,4,13,20,4,4,4,40,18,4,7.5,17.5,0,4,4,4,39.5,20,100,17,9.9,4,40,0,20,4,17.5,10,10,4,20,18,100,13.5,876.35
20,25.5,14,0,2,3,14,16,2,4,2,6.5,19,0,0,14,9.3,4,2,0,15,18,4,3,3,11.16666,12.5,4,2,0,38,7,0,7,15,0,4,4,4,19,15,77,14,10.5,4,40,5,16,0,2.5,10,5.5,0,36,8,100,0,676.46666
0,0,0,0,0,0,0,0,0,0,0,0,0,0,0,0,0,0,0,0,0,0,0,0,0,0,0,0,0,0,0,0,0,0,0,0,0,0,0,0,0,0,0,0,0,0,0,0,0,0,0,0,0,0,0,0,0,0
20,41,14,3,3,0,10,15.5,0,0,0,0,20,0,0,10,7.4,0,0,0,0,9,0,0,0,8,12.5,0,0,0,0,7.5,0,10,16.5,0,4,0,0,20,0,100,0,0,0,0,0,0,0,0,10,7,0,15,0,100,0,468.4
20,41,18,4,4,4,19,20,4,4,4,40,20,4,4,20,16,4,4,2,40,20,4,4,4,15.33333,20,4,4,4,40,20,4,13,20,4,4,4,4,37.5,20,102,15,15.8,4,40,0,20,4,20,10,10,4,40,20,100,8.5,964.13333
20,41.5,14,4,4,4,17,20,4,4,4,31.5,16,4,4,16,16,4,4,4,40,19,4,4,4,14.16666,20,4,4,4,40,19,4,12,19,4,4,4,4,40,15,98,16,10.9,4,40,24,20,4,11,10,10,4,40,19,100,2,936.06666
20,41,20,4,4,4,20,20,4,4,4,40,20,4,4,20,16,4,4,4,40,20,4,4,4,15.3,20,4,4,4,40,20,4,19,20,4,4,4,4,40,20,105,18,19.5,4,40,0,20,4,18,10,10,2,40,20,100,10.5,985.3
20,42,14,4,4,3,20,20,4,4,4,35.5,20,4,4,20,16.5,4,4,2,38,20,3,2,4,15.16666,20,4,4,4,39,20,4,16,20,4,4,4,4,40,20,110,15,18.6,4,39,4,20,4,18,10,10,4,40,14,100,13,966.76666
20,35.25,12,4,4,0,10,15.5,0,0,0,0,19,4,2,11,14,4,4,2,22.5,20,4,4,3.5,8,20,4,0,2,20.75,15,4,7,17.5,4,4,4,4,17.5,10,77.5,15.5,4,4,31,69,19,4,3.5,0,6.5,4,0,16,100,1.5,717
20,34.375,0,4,3,3,0,0,0,0,0,0,0,0,0,0,0,0,0,0,0,0,0,0,0,0,0,0,0,0,0,0,0,0,0,0,4,0,0,0,0,0,0,0,0,0,0,0,0,0,0,0,0,0,0,0,0,68.375
20,12.5,20,4,4,4,17,20,4,4,4,33.5,16,2,4,18,14,4,4,2,40,19,4,4,4,12.5,20,4,4,0,39,17,4,10,18,4,2,4,4,38,10,100,15,9.5,4,38.5,4,15.5,4,8.5,10,10,4,40,13,100,5.5,859
20,36.5,18,4,4,4,15,13,0,4,4,16,16,2,4,12,7,4,4,2,30,16,4,4,4,7.5,17.5,4,4,2,38,5,4,8,17,4,4,4,4,36.5,10,76,15,5.7,4,38.75,0,16.5,4,3,10,10,4,0,9,100,1,718.95
20,39,19,4,4,4,17,19.5,4,4,4,17.5,11,0,4,18,15.7,4,4,4,40,17,4,4,4,10.5,18.5,4,4,4,30.75,7,4,12,19,4,4,4,4,24.5,10,110,16,6,4,32.75,0,15.5,0,9.5,10,7,4,40,19,110,7.5,846.2
20,34.5,14,4,4,4,15,18.5,4,4,4,2,20,2,0,9,4.8,0,2,2,0,13,0,0,0,6.5,12,4,4,4,27,7,0,5,13,4,4,0,0,32.75,10,84,0,4,0,17.5,10,14.5,4,0,0,0,2,0,11,12.75,0,478.8
20,42,20,4,4,4,20,20,4,4,4,38,20,4,4,20,20,4,4,4,40,20,4,4,4,15.16666,20,4,4,4,38,17,4,18,18,4,4,4,4,40,20,99.5,16,16,4,40,0,20,4,17.5,10,7,4,0,13,100,6,916.16666
20,40.875,16,4,4,4,19,20,4,4,4,20.25,20,4,4,19,19,4,4,4,40,20,4,4,3,13,20,4,4,4,38,17,4,16,16,4,4,4,4,39,20,99,18,14.1,4,40,4,18.5,4,14.5,10,10,4,40,20,100,15,940.225
0,0,0,0,0,0,0,0,0,0,0,0,0,0,0,11,0,4,4,2,13,0,0,0,0,0,0,0,0,0,0,0,0,0,0,0,0,0,0,0,0,0,0,0,0,0,0,0,0,0,0,0,0,0,0,0,0,34
2,33.5,0,0,0,0,12,15,0,0,0,0,13,0,0,0,17.5,4,4,4,36,19,4,4,0,10,20,4,4,4,31,16,4,11,20,4,4,4,4,35.5,10,80,12,9.5,4,39.5,59,15,0,2,10,9.5,2,40,14,100,0,750
20,33.5,0,4,0,0,12,20,4,4,4,0,20,4,4,17,16.5,4,4,2,20,19,4,4,4,8.66666,20,4,4,4,40,15,4,12,19,4,4,4,4,39,15,98,9,0,4,30.75,0,15,4,0,0,0,2,0,11,100,18,721.41666
20,39.5,14,4,4,4,19,18.5,4,4,4,30.875,16,4,4,18,17,4,4,4,40,20,4,4,4,9.5,20,4,4,4,38,18,4,12,19.5,4,4,4,4,38,15,105,18,11.9,4,38,4,17,4,20,10,10,4,40,17,100,14.5,933.275
20,39,20,4,4,4,17,19.5,4,4,4,29.625,16,4,4,20,16.8,4,4,4,40,20,4,4,4,14.16666,11.2,4,4,4,37,18,4,12,18.5,4,4,4,4,0,10,100,9,10,4,35.5,0,16,4,19.5,10,9,4,40,17,100,12.5,857.29166
0,0,0,0,0,0,0,0,0,0,0,0,0,0,0,0,0,0,0,0,0,0,0,0,0,0,0,0,0,0,0,0,0,0,0,0,0,0,0,0,0,0,0,0,0,0,0,0,0,0,0,0,0,0,0,0,0,0
20,41,18,4,4,4,19,18.5,4,4,4,2.5,20,4,4,20,16.4,4,4,4,40,19,4,4,2,14.16666,20,4,4,4,36,15,4,15,18.5,4,4,4,4,38.75,20,99.5,13.5,12.5,4,39,4,15.5,4,19,10,10,0,0,18,100,0,851.81666
20,38.75,14,4,4,4,18,19,4,4,4,31.75,19,4,4,19,18,4,4,2,40,17,4,4,4,13.16666,20,4,4,2,39,18,4,11,18,4,4,4,4,34,10,100,10,15.2,4,40,0,15.5,4,18,10,7,4,40,13,100,16.5,903.86666
20,38.125,20,0,4,0,20,15.5,4,4,4,30.75,12,4,4,20,18,4,4,4,40,20,4,4,4,14.5,20,4,4,4,37,20,4,18,18,4,4,4,4,39,20,110,18,18,4,39,4,17,4,16.5,10,10,4,40,15,110,17,957.375
20,26.5,14,4,0,4,18,19.25,4,4,4,29,12,2,4,19,17.2,4,4,2,40,20,4,4,4,14.16666,20,4,0,4,40,20,4,10,18.5,2,4,4,4,37.75,20,99.5,17,11.2,4,40,0,19,4,15.5,10,10,2,40,0,100,0,866.56666
20,40.5,8,4,4,4,18,19,4,4,4,33,19,4,4,20,16.7,4,4,4,40,20,4,4,4,12.16666,20,4,4,4,40,20,4,19,20,4,4,4,4,37,20,109.5,20,17.8,4,40,0,20,4,20,10,10,4,40,0,110,0,944.66666
20,38.5,20,4,4,4,18,17.5,0,0,0,35.25,17,0,0,17,18.2,4,4,2,40,20,4,4,3,13.5,20,4,4,2,36,14,4,14,16.5,2,4,4,4,33,15,100,16.5,8.6,4,40,4,20,4,18,10,10,4,40,20,110,12.5,911.05
20,13,0,0,4,0,14,16.5,4,4,4,20,12,4,4,0,16,0,4,0,0,0,0,0,0,0,20,2,4,2,26.5,8,2,0,14.5,0,2,0,0,0,0,100,13,0,4,0,0,0,0,0,0,0,0,0,0,0,0,337.5
0,0,0,0,0,0,0,0,0,0,0,0,15,0,0,0,0,0,0,0,0,0,0,0,0,0,0,0,0,0,0,0,0,0,0,0,0,0,0,0,0,0,0,0,0,0,0,0,0,0,0,0,0,0,0,0,0,15
20,30.5,20,4,4,4,0,0,4,0,0,5.25,17,4,4,13,2.2,4,4,2,40,18,0,0,0,12.16666,18,0,0,0,17,11,4,10,18,4,4,4,4,33.5,20,105,11,12.9,4,40,15,19.5,4,17,10,10,4,40,18,110,15.5,800.51666
20,36.875,16,4,4,4,17,18.5,4,4,4,30.875,16,4,4,16,20,4,4,4,40,20,4,4,4,11,11,4,4,4,25.5,12,4,13,16.5,4,4,4,4,33.75,15,99.5,15,13.6,4,35.75,0,14,4,10.5,10,8,4,40,14,100,13.5,867.85
2,35.5,16,0,0,0,17,20,3,4,0,21.75,19,0,4,17,18,4,4,2,40,19,4,4,4,12.5,20,4,4,2,20,17,0,8,19.5,4,4,4,4,25,10,101,18,5,4,34,0,20,4,10.5,10,9.5,4,40,13,110,0,804.25
0,15.25,16,0,0,0,17,15,4,0,0,15.4,12,0,0,16,0,0,0,0,14,14,0,0,0,9.5,13.5,0,0,0,0,12,0,0,16.75,0,0,4,4,18,0,72,9,7.5,0,0,0,20,0,8.5,0,0,0,0,0,94.75,0,433.15
20,32.5,20,0,0,0,18,17.5,0,0,0,23,14,0,0,17,20,0,0,0,40,17,0,0,0,10,17.5,0,0,0,32,13,0,16,18,0,2,0,0,25.75,0,71.5,15,8.26,0,0,5,0,0,6.5,0,0,0,39,16,60,3,602.51
20,37.375,16,4,4,4,19,20,4,4,4,31,20,4,4,19,15,4,4,4,40,16,4,4,4,14,20,4,4,4,37,18,4,12,18,4,4,4,4,29.5,15,100,16,9,4,34.75,0,18.5,4,10.5,10,6,4,40,12,100,12.5,891.125
0,35.625,14,4,4,4,18,18.5,4,4,4,31,20,4,4,15,11.2,4,4,2,40,16,4,4,2,12.66666,20,4,2,2,27,9,2,12,16,4,4,4,2,35.5,10,100,12,9,4,30.75,4,20,4,8.5,10,10,4,40,9,100,14.5,822.24166
20,25,14,4,4,4,15,14,4,4,4,0,7,4,2,14,11.2,2,4,2,36.5,20,4,4,4,13.16666,20,4,4,4,38,12,4,11,16.5,4,2,4,2,38,20,103,15,12.5,0,40,0,15.5,4,15.5,10,10,4,40,14,104.75,8,824.61666
20,29.5,0,0,4,0,17,19.5,4,2,4,10.25,14,0,0,17,18,0,0,0,40,19,0,0,4,13.16666,19,0,0,0,0,16,0,15,12.5,0,4,0,0,35,10,77,15,10.1,0,14,0,0,0,0,0,0,0,0,0,40,0,503.01666
20,41,20,4,4,4,19,20,4,4,4,35.25,16,4,4,18,20,4,4,4,40,20,4,4,4,16,20,4,4,4,38,18,4,18,20,4,4,4,4,39,15,100,18,16,4,39,0,20,4,17,10,10,4,40,14,100,16,958.25
0,0,0,0,4,0,0,0,0,0,0,0,0,0,0,0,0,0,0,0,0,0,0,0,0,0,0,0,0,0,0,0,0,0,0,4,4,0,0,0,0,0,0,0,0,0,0,0,0,0,0,0,0,0,0,0,0,12
20,40,14,4,4,4,15,20,0,4,0,34.5,20,2,2,11,13.5,0,0,0,40,20,4,2,2,11.5,19.5,2,4,2,35,17,0,9.5,17.5,4,4,4,4,36,10,102,18,10.4,4,40,5,19,4,8.5,10,10,4,40,16,100,7,858.9
20,10.5,0,0,4,0,15,0,4,4,4,10.15,16,0,2,10,14,0,0,0,37,20,0,4,0,0,20,4,4,2,4,14.5,4,9,17.5,4,4,4,4,29.25,19,94.5,10,11.7,4,40,5,16.5,4,0,10,9.5,4,0,0,100,0,632.1
20,38.25,14,4,4,4,19,20,4,4,4,27.25,20,4,4,20,16.1,4,2,2,40,18,4,4,3,13,20,4,4,4,38,20,4,16,18,4,4,4,2,39,19,99.5,15,17.1,4,38.5,4,20,4,16.5,10,10,4,40,20,100,0,924.2
20,37,18,0,0,0,16,15,0,4,4,0,16,0,2,0,0,2,2,2,15,0,2,2,2,7,0,2,2,2,0,14,2,7,12.5,2,2,4,4,0,0,99.5,0,0,0,0,0,0,0,3,0,0,4,0,0,94.75,0,425.75
20,26,14,0,0,0,0,0,0,0,0,26,13,4,4,20,14.5,4,4,4,40,16,4,4,4,11.5,14,4,4,0,35,16,4,10,20,4,0,0,0,36,15,100,13,12.5,0,39.75,4,15.5,0,4.5,10,9.5,0,36,13,100,3,755.75
0,7,0,0,0,0,11,0,0,0,0,0,0,0,0,11,0,0,0,0,0,0,0,0,0,8.33333,0,0,0,0,0,0,0,4,0,4,4,0,0,0,0,0,0,0,0,0,0,0,0,5,0,0,0,0,0,0,1,55.33333
20,11,14,4,4,4,19,19.75,4,4,4,33.25,0,4,4,20,16,4,4,4,40,20,4,4,4,0,18,4,4,2,30.5,20,4,19,19.5,4,4,4,4,39,15,105,16,17.8,1,40,0,19.5,4,18,10,9.5,4,39,20,100,9.5,873.3
20,37,14,0,4,4,16,15,3,0,0,39.5,16,4,4,17,15,4,4,2,36,19,4,0,4,16.16666,20,4,4,2,40,16,4,16,18.5,4,4,4,4,38.5,19,110,15,14.8,4,40,0,20,4,15,10,10,4,39,20,100,10,916.46666
20,37.5,14,0,4,0,12,20,0,4,4,10.45,16,4,4,17,8,4,4,4,40,17,4,4,4,11,14.5,4,4,4,21,10,4,8,16,4,4,4,4,30,10,100,0,14,4,36,0,20,0,20,0,0,4,40,20,100,13,784.45
0,21.75,0,0,4,0,0,0,0,0,0,0,0,0,0,12,0,0,0,0,0,0,0,0,0,0,0,0,0,0,0,0,0,0,0,0,0,0,0,0,0,0,0,0,0,0,0,0,0,0,0,0,0,0,0,0,0,37.75
20,30.375,8,4,0,0,15,17,4,4,4,20.5,17,4,4,13,7.2,4,2,2,11,19,3,3,3,10,15.5,4,3,2,39,17,4,8,19.25,4,4,0,4,32.125,10,99.5,0,4,0,28.25,4,15.5,4,19,10,10,4,40,12,100,7,757.2
20,40.375,20,4,4,4,19,17.5,4,4,4,31,20,4,4,19,17.2,2,4,0,40,20,4,0,0,11.5,19,4,0,0,40,14,4,16,20,4,4,4,4,38.5,10,99.5,15,11.4,2,38.25,22,18.5,0,16,10,10,4,40,19,100,8.5,918.225
20,40,20,4,4,4,19,20,4,4,4,38.5,20,4,4,20,16,4,4,4,40,20,4,4,4,14,19,4,4,4,40,20,4,18,20,4,2,4,4,40,20,105,16,16.8,4,39.75,0,20,0,16.5,10,9.5,0,34,20,100,0,947.05
20,5,16,4,0,0,12,20,0,0,0,0,19,0,0,7,12,4,4,4,29.5,20,4,4,4,7,17,4,4,2,21.5,20,4,7,18,4,4,4,4,25,19,94,18,0,4,40,4,19.5,4,0,7,5,4,40,16,100,0,715.5
20,39.25,14,4,4,4,18,20,4,4,4,27.75,17,4,4,15,16,4,4,4,40,19,4,4,4,13.16666,19.5,4,4,4,37,16,4,14,18,4,4,4,4,37.5,20,105,18,18.8,4,40,4,15.5,4,16,10,10,4,40,16,100,4,923.46666
19,39.5,16,4,4,4,19,19.5,4,4,4,0,17,4,4,18,6,4,4,4,35,20,0,4,4,13.5,18.5,4,4,4,32.5,16,4,14,14.5,4,4,4,4,32.75,20,102,14,18.8,4,39.75,65,20,4,18,10,10,4,40,16,96.25,12.5,934.05
0,0,14,0,0,0,0,0,0,0,0,4.25,0,0,0,7,0,0,0,0,0,0,0,0,0,0,0,0,0,0,0,0,0,0,0,0,0,0,0,0,0,0,0,0,0,0,0,0,0,0,0,0,0,0,0,0,0,25.25
20,36.625,14,4,3,4,17,14,0,4,0,21.75,16,4,4,13,10.8,4,4,2,0,0,0,0,0,10.16666,16,4,4,2,33,13,0,10,16,0,4,4,0,18.75,10,99.5,14,7.5,4,13,54,17.5,4,5,10,10,4,40,13,100,0,741.59166
20,28.5,14,4,4,0,17,20,0,0,0,11.35,16,0,0,16,18.5,0,0,0,40,19.5,0,0,0,14,20,0,0,0,37,20,4,14,20,4,4,4,4,31.25,10,110,12,5.4,4,36.5,4,18,0,4,0,0,4,40,15,110,19,802
19,40.5,16,4,4,4,19,20,4,4,4,27.25,20,0,0,18,16.8,4,4,4,40,16,4,4,3,14.16666,19,4,4,2,32,18,4,19,20,4,4,4,4,39,15,56.5,16,15.3,4,37.75,0,19.5,4,20,10,10,4,40,0,94.75,0,842.51666
