Chapter 2 - Checkpoint 1 [Total Pts: 4 Score] |1931281,Chapter 2 - Checkpoint 2 [Total Pts: 4 Score] |1931124,Chapter 2 - Checkpoint 3 [Total Pts: 4 Score] |1936678,Chapter 2 - Checkpoint 4 [Total Pts: 4 Score] |1936680,Chapter 2 - Checkpoint 5 [Total Pts: 4 Score] |1936681,Chapter 3 - Checkpoint 1 [Total Pts: 4 Score] |1936189,Chapter 3 - Checkpoint 2 [Total Pts: 4 Score] |1938812,Chapter 3 - Checkpoint 3 [Total Pts: 4 Score] |1938813,Chapter 3 - Checkpoint 4 [Total Pts: 4 Score] |1938815,Chapter 3 - Checkpoint 5 [Total Pts: 4 Score] |1938818,Chapter 4 - Checkpoint 1 [Total Pts: 4 Score] |1945790,Chapter 4 - Checkpoint 2 [Total Pts: 4 Score] |1945791,Chapter 4 - Checkpoint 3 [Total Pts: 4 Score] |1945793,Chapter 4 - Checkpoint 4 [Total Pts: 4 Score] |1949674,Chapter 4 - Checkpoint 5 [Total Pts: 4 Score] |1949678,Chapter 4 - Checkpoint 6 [Total Pts: 4 Score] |1949679,Chapter 4 - Checkpoint 7 [Total Pts: 4 Score] |1994614,Chapter 4 - Checkpoint 8 [Total Pts: 4 Score] |1994620,Chapter 4 - Checkpoint 9 [Total Pts: 4 Score] |1994622,Chapter 5 - Checkpoint 1 [Total Pts: 4 Score] |1994626,Chapter 5 - Checkpoint 2 [Total Pts: 4 Score] |1994627,Chapter 5 - Checkpoint 3 [Total Pts: 4 Score] |1994628,Chapter 7 - Checkpoint 1 [Total Pts: 4 Score] |1999578,Chapter 7 - Checkpoint 2 [Total Pts: 4 Score] |1999581,Chapter 7 - Checkpoint 3 [Total Pts: 4 Score] |2008962,Extra points [Total Pts: 0 Score] |1934963,Homework 1 Final Grade [Total Pts: 40 Score] |1995600,Homework 2 final grade [Total Pts: 40 Score] |2005601,Homework 3 final grade [Total Pts: 40 Score] |2008446,HOMEWORK 4 FINAL GRADE [Total Pts: up to 40 Score] |2017095,Homework 5 Final Grade [Total Pts: 40 Score] |2016174,Homework 6 [Total Pts: 40 Score] |1884931,Homework 7 [Total Pts: 40 Score] |1884933,Lab 1 [Total Pts: 20 Score] |1882989,Lab 10 [Total Pts: 20 Score] |1883436,Lab 11 [Total Pts: 20 Score] |1883437,Lab 12 [Total Pts: 20 Score] |1883438,Lab 13 Code [Total Pts: 10 Score] |2023050,Lab 13 PDF [Total Pts: 10 Score] |1883440,Lab 14 [Total Pts: 20 Score] |1883441,Lab 2 [Total Pts: 20 Score] |1883408,Lab 3 [Total Pts: 20 Score] |1883412,Lab 4 [Total Pts: 20 Score] |1883421,Lab 5 [Total Pts: 20 Score] |1883422,Lab 6 [Total Pts: 20 Score] |1883423,Lab 7 [Total Pts: 20 Score] |1883429,Lab 8 [Total Pts: 20 Score] |1883432,Lab 9 [Total Pts: 20 Score] |1883435,Project 2 [Total Pts: 100 Score] |2023051,Project1 [Total Pts: 100 Score] |1996715,Quiz 1 [Total Pts: 20 Score] |1937228,Quiz 2 [Total Pts: 20 Score] |1962628,Quiz 3 [Total Pts: 20 Score] |1995022,Quiz 4 [Total Pts: 20 Score] |2001868,Quiz 5 [Total Pts: 20 Score] |2009890,Quiz 6 [Total Pts: 20 Score] |2009024,Quiz 7 [Total Pts: 20 Score] |2009027,"Final Grade out of 1000 [Total Pts: up to 1,000 Score] |1995780"
4.0,4,4,4,4,0,4,4,4,4,4,4,4,4,4,4.0,4,2,4,4,4.0,4,4.0,4,4,0.0,15.0,27.25,40.0,37.0,36.5,39.5,40.0,20.0,10.0,19.0,17.5,10,10.0,18.0,14.0,16.5,0,15.5,20.0,18.5,18.0,16.0,110.0,105.0,19.0,18.0,10.66666,11.0,18.8,18.0,0.0,867.71666
4.0,4,4,4,4,4,4,0,4,2,4,4,2,4,4,3.0,4,2,2,4,4.0,4,4.0,4,4,0.0,39.75,22.75,40.0,40.0,34.5,34.5,40.0,20.0,15.0,15.0,18.5,10,10.0,20.0,16.0,20.0,20,15.0,20.0,18.0,13.5,19.0,100.0,105.0,18.0,18.0,10.0,9.0,6.4,0.0,0.0,859.9
4.0,4,4,4,4,4,0,4,4,4,4,4,2,3,3,3.0,2,2,2,4,4.0,2,4.0,4,3,4.0,39.0,14.5,32.0,30.0,14.25,28.0,40.0,20.0,10.0,11.0,15.5,10,9.0,16.0,18.0,19.5,13,9.0,19.0,18.5,14.0,14.0,100.0,80.0,17.0,17.0,9.5,11.0,8.4,8.0,1.5,757.65
2.0,4,4,2,2,4,0,4,2,4,4,4,2,4,3,4.0,4,3,3,4,4.0,2,4.0,4,4,0.0,28.25,28.375,40.0,40.0,38.0,40.0,40.0,2.0,19.0,14.0,18.0,10,10.0,0.0,8.0,19.0,16,16.0,20.0,20.0,16.0,17.0,100.0,105.0,17.0,14.0,9.5,9.5,11.5,10.0,6.0,828.125
4.0,4,4,4,4,4,4,4,4,4,4,4,2,4,4,2.0,4,4,4,4,4.0,4,4.0,4,4,4.0,38.0,16.375,28.5,39.0,36.75,36.5,39.0,19.0,20.0,18.0,15.0,10,9.5,12.0,8.0,16.5,20,16.0,20.0,20.0,15.0,16.0,100.0,104.5,15.0,12.0,10.66666,11.0,9.0,3.5,2.5,842.29166
4.0,4,4,4,4,4,4,4,4,4,4,4,2,4,4,0.0,4,4,2,4,4.0,4,4.0,4,2,4.0,36.5,26.5,40.0,2.5,36.0,38.5,20.0,20.0,19.0,16.5,13.5,0,0.0,0.0,12.0,11.75,17,16.0,17.0,19.0,12.0,17.0,65.0,84.5,20.0,16.0,10.0,14.0,13.0,8.5,2.0,720.25
4.0,4,4,4,4,4,4,4,4,4,4,4,4,4,4,4.0,4,4,4,4,4.0,4,4.0,4,4,0.0,41.0,32.5,36.0,40.0,38.5,36.5,40.0,20.0,20.0,15.0,19.5,10,10.0,20.0,20.0,20.0,20,16.0,19.0,20.0,20.0,17.5,100.0,93.0,19.0,18.0,14.5,15.0,15.5,19.0,16.0,941.5
4.0,4,4,4,4,4,4,4,4,4,4,4,4,4,4,4.0,4,4,4,4,4.0,4,4.0,4,4,4.0,38.625,15.25,35.0,31.5,27.0,33.5,40.0,20.0,10.0,18.0,20.0,10,7.0,17.0,8.0,17.5,20,20.0,19.0,20.0,7.0,14.0,100.0,100.0,18.0,14.0,9.0,9.0,4.0,5.5,0.0,816.875
4.0,4,4,4,4,4,4,4,4,2,4,4,4,4,4,0.0,4,4,2,2,4.0,4,4.0,4,4,4.0,36.75,30.225,40.0,39.0,38.0,39.5,40.0,20.0,10.0,13.0,15.0,10,10.0,16.0,16.0,19.75,16,17.2,18.0,19.5,20.0,17.0,100.0,105.0,20.0,20.0,0.0,18.0,13.0,17.0,13.5,906.425
4.0,4,4,4,4,4,4,4,4,4,4,2,2,4,4,4.0,4,4,4,4,4.0,4,4.0,4,4,4.0,40.25,29.725,40.0,39.0,40.0,40.0,40.0,19.0,19.0,18.0,20.0,10,10.0,16.0,16.0,20.0,20,17.2,19.0,19.0,18.0,20.0,100.0,104.0,20.0,20.0,17.8,18.0,20.0,19.5,15.0,969.475
0.0,4,4,0,0,4,4,4,4,4,4,4,4,4,4,0.0,0,0,0,0,0.0,0,4.0,0,0,0.0,12.5,19.5,40.0,26.0,29.75,36.0,40.0,20.0,15.0,9.0,20.0,10,10.0,16.0,0.0,18.5,15,10.8,18.0,10.0,10.0,13.5,100.0,98.5,15.0,16.0,7.5,10.0,15.6,20.0,9.0,743.15
4.0,4,4,4,4,4,4,4,4,4,2,4,4,4,4,0.0,4,4,2,4,4.0,4,4.0,4,4,4.0,36.5,28.0,38.0,35.0,19.5,27.5,40.0,20.0,10.0,15.0,14.5,10,10.0,18.0,14.0,19.5,10,13.2,17.0,17.5,14.0,16.25,100.0,104.5,19.0,19.0,11.33333,12.0,14.9,5.0,8.5,838.68333
4.0,4,3,2,3,4,3,4,3,4,4,4,2,2,0,0.0,3,2,2,2,2.0,2,3.0,4,0,0.0,31.75,0.0,20.0,0.0,20.5,24.0,0.0,2.0,19.0,12.5,17.5,0,9.5,0.0,14.0,19.0,11,11.7,15.0,18.0,16.0,17.0,0.0,0.0,17.0,19.0,13.33333,11.0,8.0,2.0,0.0,419.78333
2.0,4,4,4,4,4,4,4,4,4,4,4,2,4,4,4.0,4,4,4,4,4.0,4,4.0,4,4,0.0,41.0,21.5,40.0,33.5,36.5,37.0,40.0,20.0,0.0,18.0,15.0,10,10.0,14.0,20.0,19.0,13,11.0,20.0,20.0,17.0,18.0,100.0,57.5,18.0,17.0,12.66666,8.0,7.2,9.5,3.0,808.36666
4.0,2,4,0,0,4,4,4,4,2,0,0,0,4,4,0.0,0,0,0,0,0.0,0,0.0,0,0,0.0,29.5,21.75,40.0,38.0,31.75,31.0,0.0,20.0,10.0,5.0,0.0,0,0.0,0.0,14.0,18.5,15,12.7,16.0,19.0,0.0,14.5,15.0,100.0,18.0,17.0,10.5,7.0,0.0,0.0,0.0,545.2
4.0,4,4,0,0,0,4,4,0,0,0,0,0,4,2,0.0,0,0,0,0,0.0,0,0.0,0,0,0.0,36.625,0.0,14.0,0.0,0.0,0.0,0.0,20.0,0.0,0.0,0.0,0,0.0,0.0,12.0,19.0,0,0.0,17.0,0.0,8.0,0.0,0.0,19.0,15.0,12.0,0.0,0.0,0.0,0.0,0.0,198.625
4.0,4,4,4,4,4,4,4,4,4,4,4,4,4,4,4.0,4,4,4,4,4.0,4,4.0,0,4,6.0,41.375,34.75,40.0,33.0,31.75,39.5,40.0,20.0,10.0,8.0,4.5,10,10.0,16.0,20.0,14.0,17,17.0,19.0,20.0,20.0,16.5,110.0,90.0,20.0,19.0,13.66666,16.0,10.5,18.0,16.0,902.54166
4.0,4,4,2,4,4,0,0,0,0,4,4,2,4,3,3.0,0,0,0,4,4.0,4,2.0,4,4,5.0,37.625,31.0,40.0,38.0,38.0,40.0,40.0,20.0,10.0,18.0,19.0,10,10.0,16.0,20.0,20.0,15,17.7,18.0,11.5,11.0,16.25,100.0,100.0,16.0,17.0,7.0,8.0,5.2,4.0,11.5,839.775
2.0,2,4,4,4,4,4,4,4,4,4,4,4,4,4,4.0,4,4,4,4,4.0,4,0.0,0,0,0.0,41.0,32.0,40.0,35.0,39.0,31.0,40.0,20.0,20.0,17.5,17.5,10,8.0,16.0,18.0,18.5,16,18.5,16.0,17.5,17.0,18.0,100.0,104.0,17.0,20.0,13.66666,14.0,14.5,20.0,15.0,913.66666
4.0,4,4,4,4,4,4,4,4,4,4,4,4,4,4,3.0,4,4,4,2,4.0,4,4.0,4,4,0.0,29.0,0.0,40.0,37.0,25.0,37.5,40.0,20.0,19.0,13.0,15.5,10,10.0,20.0,8.0,12.5,0,17.7,19.0,13.0,8.0,16.5,100.0,104.0,16.0,12.0,8.66666,11.5,5.0,4.5,2.5,776.86666
4.0,4,4,4,4,4,4,0,0,0,4,4,4,4,4,4.0,4,4,4,4,4.0,4,4.0,4,4,4.0,38.0,21.0,40.0,40.0,38.5,39.5,40.0,20.0,20.0,18.0,18.5,10,10.0,18.0,20.0,20.0,14,17.2,20.0,20.0,16.0,17.0,100.0,100.0,19.0,16.0,15.5,14.0,17.0,18.0,12.0,924.2
4.0,4,0,0,0,0,4,0,2,4,4,4,2,4,4,3.0,4,4,4,4,4.0,4,4.0,4,4,14.0,38.0,0.0,37.5,37.0,33.0,36.5,0.0,20.0,10.0,9.0,19.5,0,10.0,0.0,18.0,18.5,11,2.9,17.0,12.5,12.0,15.5,100.0,97.0,12.0,10.0,8.0,7.0,14.2,6.0,0.0,701.1
0.0,0,0,0,0,0,0,0,0,0,0,0,0,0,0,0.0,0,0,0,0,0.0,0,0.0,0,0,0.0,4.0,0.0,0.0,0.0,0.0,0.0,0.0,0.0,0.0,0.0,0.0,0,0.0,0.0,0.0,0.0,0,0.0,0.0,0.0,0.0,0.0,0.0,0.0,0.0,0.0,0.0,0.0,0.0,0.0,0.0,4.0
4.0,4,4,4,4,4,4,4,4,4,4,4,4,4,4,4.0,4,4,4,4,4.0,4,4.0,4,4,24.0,41.5,29.5,40.0,35.0,39.0,30.0,40.0,20.0,19.0,12.0,20.0,0,12.8,19.0,16.0,20.0,16,12.0,0.0,18.0,0.0,20.0,100.0,100.0,20.0,19.0,14.83333,17.0,16.0,20.0,10.5,906.13333
0.0,4,4,4,4,0,4,4,0,2,0,0,0,0,0,0.0,4,4,4,0,0.0,0,2.0,4,4,0.0,34.0,30.25,40.0,33.0,38.0,31.0,39.0,0.0,10.0,0.0,18.5,10,9.5,19.0,14.0,20.0,16,0.0,14.0,12.0,16.0,16.0,110.0,80.0,10.0,12.0,11.33333,8.0,10.4,0.0,6.0,720.98333
4.0,4,4,4,0,4,4,4,0,0,4,4,4,4,4,4.0,4,4,4,4,4.0,4,0.0,0,4,0.0,36.5,21.5,40.0,30.0,32.0,38.25,40.0,20.0,10.0,15.0,15.5,10,8.5,15.0,20.0,20.0,17,8.0,19.0,12.5,11.0,17.5,96.25,102.5,19.0,17.0,13.66666,13.0,13.4,16.0,11.0,844.06666
4.0,4,4,4,0,0,4,4,4,4,4,4,4,4,4,2.0,4,4,4,4,4.0,4,4.0,4,4,0.0,35.5,27.125,18.0,39.0,29.875,29.5,20.0,20.0,20.0,0.0,20.0,0,0.0,7.0,14.0,7.5,2,0.0,20.0,6.5,14.0,19.0,100.0,75.5,15.0,0.0,6.0,5.0,13.0,7.0,6.0,671.5
2.0,4,4,4,4,4,4,4,4,4,4,4,4,4,4,4.0,4,4,4,4,4.0,4,4.0,4,4,4.0,41.5,38.0,36.0,34.0,35.0,38.25,39.0,20.0,10.0,12.0,20.0,10,9.5,19.0,19.0,19.75,20,20.0,20.0,16.0,12.0,19.0,100.0,100.0,20.0,20.0,13.5,13.0,15.6,8.0,0.0,905.1
2.0,2,4,4,4,4,4,4,4,4,4,4,4,4,4,2.0,0,0,0,0,0.0,0,4.0,4,4,0.0,33.25,5.5,0.0,0.0,0.0,0.0,0.0,0.0,0.0,0.0,0.0,10,10.0,0.0,16.0,19.5,0,0.0,0.0,0.0,0.0,0.0,0.0,104.5,18.0,0.0,0.0,16.0,11.1,15.0,0.0,328.85
4.0,4,4,4,4,4,4,4,4,4,4,4,4,4,4,0.0,4,4,4,4,4.0,4,4.0,4,4,4.0,31.625,15.0,36.0,35.0,33.5,39.5,40.0,19.0,10.0,13.0,15.5,10,10.0,16.0,14.0,18.5,17,6.2,17.0,18.5,14.0,15.25,100.0,98.0,14.0,13.0,12.0,14.0,12.1,20.0,13.5,846.175
4.0,4,4,4,4,4,0,0,0,0,2,4,4,4,4,4.0,4,4,4,4,4.0,4,4.0,4,2,9.0,42.0,25.75,40.0,39.0,34.5,38.0,40.0,20.0,20.0,15.0,20.0,10,10.0,16.0,18.0,20.0,0,18.0,20.0,19.0,18.0,16.0,91.0,100.5,19.0,20.0,18.5,11.0,16.8,20.0,16.5,906.55
0.0,0,0,0,0,0,0,0,0,0,2,2,0,4,0,0.0,0,0,0,0,0.0,0,0.0,0,0,0.0,26.0,0.0,0.0,0.0,0.0,0.0,0.0,0.0,0.0,0.0,0.0,0,0.0,0.0,0.0,0.0,0,0.0,0.0,0.0,0.0,0.0,0.0,0.0,0.0,0.0,0.0,0.0,0.0,0.0,0.0,34.0
4.0,4,4,0,0,4,4,4,4,4,4,4,2,4,4,4.0,4,4,2,4,4.0,4,4.0,4,4,0.0,28.25,22.75,40.0,27.5,30.5,27.0,0.0,20.0,15.0,0.0,14.0,10,7.0,14.0,0.0,17.0,19,18.5,19.0,19.0,18.0,19.0,100.0,100.0,16.0,16.0,6.0,12.0,16.0,0.0,0.0,744.5
4.0,4,4,4,4,4,4,4,4,4,4,4,4,4,4,4.0,4,4,4,4,4.0,4,4.0,0,4,4.0,37.25,38.5,36.0,34.0,33.0,38.25,39.0,20.0,10.0,15.0,20.0,10,9.0,17.0,16.0,20.0,16,19.2,20.0,20.0,14.0,19.5,110.0,100.0,20.0,20.0,14.66666,14.0,14.7,13.5,7.0,920.56666
0.0,4,4,2,4,4,4,4,4,4,4,4,0,4,3,0.0,4,2,2,0,0.0,0,0.0,0,0,4.0,38.25,34.0,40.0,0.0,0.0,0.0,0.0,19.0,0.0,0.0,0.0,0,0.0,0.0,14.0,18.5,20,0.0,15.0,0.0,0.0,0.0,0.0,0.0,19.0,13.0,12.0,0.0,0.0,0.0,0.0,303.75
4.0,4,4,4,4,0,4,4,4,4,4,4,4,4,4,3.0,4,4,4,4,4.0,0,4.0,4,0,9.0,40.0,29.5,38.0,40.0,35.75,0.0,39.0,20.0,20.0,15.0,17.0,10,10.0,20.0,14.0,17.5,20,18.0,18.0,0.0,16.0,0.0,0.0,40.0,19.0,16.0,11.5,12.0,11.6,11.5,11.5,671.85
4.0,4,4,4,4,4,4,4,4,4,4,4,4,4,4,4.0,4,4,4,4,4.0,4,4.0,4,4,4.0,40.0,36.0,40.0,38.0,36.5,39.75,40.0,20.0,10.0,15.0,20.0,10,10.0,19.0,18.0,20.0,16,20.0,20.0,20.0,16.0,20.0,110.0,100.0,20.0,20.0,14.16666,14.0,13.0,10.0,0.0,934.41666
0.0,4,0,0,0,0,2,2,0,0,4,0,0,0,0,0.0,0,0,0,0,0.0,0,0.0,0,0,4.0,10.0,0.0,0.0,33.0,13.0,25.0,0.0,20.0,10.0,11.0,0.0,0,2.0,12.0,0.0,0.0,11,0.0,0.0,16.5,13.0,18.0,75.0,98.0,11.0,11.0,4.0,0.0,2.0,0.0,0.0,411.5
4.0,4,4,4,4,4,4,4,4,4,4,4,4,4,4,4.0,4,4,2,2,4.0,4,4.0,4,4,4.0,41.0,36.0,40.0,33.0,35.0,40.0,40.0,20.0,20.0,15.0,20.0,10,10.0,19.0,20.0,20.0,20,20.0,20.0,19.0,17.5,16.5,110.0,100.0,20.0,20.0,14.16666,14.0,15.0,19.5,11.0,960.66666
4.0,4,4,4,4,4,4,4,4,4,4,4,4,4,4,4.0,4,4,4,4,4.0,4,4.0,0,4,4.0,38.875,25.75,35.0,33.5,29.0,34.5,40.0,20.0,19.0,11.0,19.5,10,10.0,11.0,16.0,17.5,0,19.2,20.0,20.0,0.0,17.5,100.0,100.0,19.0,16.0,13.33333,11.0,7.7,6.0,15.5,840.85833
0.0,4,4,2,4,4,2,4,2,3,4,3,2,4,4,4.0,4,4,4,4,4.0,4,4.0,4,4,7.5,30.625,23.375,40.0,40.0,35.75,40.0,20.0,2.0,10.0,16.0,18.0,10,10.0,17.0,10.0,20.0,15,12.0,19.0,20.0,16.0,16.0,100.0,99.5,17.0,11.0,9.83333,9.0,8.0,9.0,8.5,811.08333
4.0,4,4,4,4,4,4,4,4,2,4,4,4,4,4,2.0,4,4,4,4,4.0,4,4.0,4,4,10.0,38.5,29.75,40.0,33.0,27.25,35.0,34.0,20.0,10.0,16.0,15.0,10,10.0,13.0,14.0,16.5,13,15.6,16.0,20.0,17.5,17.5,100.0,109.5,19.0,7.0,8.5,7.0,9.5,20.0,6.5,859.6
2.0,4,4,4,4,4,4,4,4,4,4,4,2,4,4,2.0,4,4,2,4,4.0,4,4.0,4,4,4.0,0.0,23.5,40.0,16.0,40.0,31.0,40.0,20.0,20.0,15.0,20.0,10,9.5,10.0,14.0,18.25,20,16.0,17.0,20.0,15.0,20.0,100.0,96.5,18.0,15.0,9.83333,12.0,9.5,9.0,15.0,821.08333
4.0,4,4,4,4,4,4,4,4,4,4,4,4,4,4,4.0,4,4,4,0,4.0,4,4.0,4,4,0.0,40.0,27.75,35.0,31.0,36.0,39.25,40.0,20.0,10.0,12.0,15.5,10,10.0,15.0,14.0,20.0,16,16.8,18.0,18.5,14.0,20.0,100.0,105.0,18.0,20.0,11.66666,11.0,15.9,16.5,8.0,885.86666
2.0,4,4,4,4,0,4,4,0,0,2,0,0,4,4,4.0,4,4,2,4,4.0,4,2.0,4,4,0.0,35.5,32.25,40.0,35.0,38.0,40.0,39.0,20.0,10.0,15.0,0.0,10,9.5,19.0,14.0,17.5,16,0.0,19.0,20.0,17.0,16.0,110.0,100.0,15.0,11.0,13.16666,7.0,17.3,15.0,0.0,828.21666
4.0,4,4,0,0,0,4,4,2,2,4,4,4,0,0,0.0,2,2,2,4,4.0,2,0.0,4,4,0.0,34.5,27.75,38.0,22.0,17.0,34.25,40.0,19.0,10.0,9.0,20.0,0,0.0,13.0,14.0,17.0,0,0.0,0.0,0.0,9.0,0.0,100.0,95.5,18.0,17.0,7.0,11.0,15.7,20.0,0.0,668.7
4.0,4,4,4,4,4,4,4,4,4,4,4,4,4,4,4.0,4,4,4,4,4.0,4,4.0,4,4,4.0,42.0,32.25,40.0,36.0,32.5,40.0,40.0,20.0,0.0,14.0,20.0,10,10.0,19.0,14.0,18.5,16,20.0,20.0,19.0,20.0,15.5,15.0,100.0,18.0,19.0,15.83333,12.0,16.8,7.5,14.5,826.38333
4.0,2,4,0,0,0,0,0,0,0,0,0,0,4,4,0.0,2,4,2,4,4.0,4,4.0,4,4,0.0,35.5,21.75,37.0,29.5,31.75,40.0,40.0,19.0,10.0,15.0,15.5,10,6.5,13.0,16.0,17.75,16,0.0,8.0,0.0,14.0,11.75,100.0,97.5,17.0,12.0,6.0,7.0,9.0,4.5,1.5,717.5
4.0,4,4,4,0,4,4,4,4,2,2,0,0,0,0,0.0,0,0,0,0,0.0,0,0.0,0,0,4.0,5.5,25.25,40.0,36.0,0.0,0.0,0.0,19.0,0.0,0.0,0.0,0,0.0,0.0,18.0,16.0,8,12.2,0.0,0.0,12.0,0.0,0.0,0.0,17.0,15.0,0.0,15.0,0.0,0.0,0.0,278.95
2.0,4,4,4,4,4,4,4,4,4,4,4,4,4,4,2.0,4,4,4,4,4.0,4,4.0,4,4,4.0,16.0,31.0,40.0,39.0,26.0,25.5,40.0,20.0,10.0,17.0,14.0,10,9.5,20.0,14.0,18.5,10,13.4,16.0,18.0,9.0,19.25,100.0,96.5,18.0,19.0,11.16666,12.0,9.0,7.5,9.5,818.81666
2.0,4,4,0,0,3,4,4,4,4,4,4,2,4,4,3.0,4,2,2,2,4.0,2,4.0,0,4,0.0,35.25,16.5,40.0,40.0,28.75,34.5,40.0,20.0,19.0,18.5,20.0,10,10.0,20.0,14.0,18.0,15,7.3,19.0,14.0,18.0,18.5,100.0,100.0,15.0,17.0,9.5,10.0,14.7,14.0,10.5,846.0
4.0,4,4,4,4,0,4,4,0,0,2,0,0,0,0,0.0,4,2,2,0,0.0,0,4.0,4,4,0.0,35.25,0.0,29.0,0.0,36.0,37.5,39.0,20.0,10.0,9.0,19.0,0,7.0,15.0,5.5,19.5,0,8.0,0.0,10.0,12.0,12.0,100.0,72.5,13.0,15.0,6.5,9.0,12.5,11.5,11.0,629.75
4.0,4,4,4,4,4,4,4,4,2,4,4,2,4,4,3.5,4,4,4,4,4.0,4,4.0,4,4,4.0,42.0,28.25,36.0,37.0,36.0,40.0,40.0,19.0,10.0,12.0,19.5,10,8.5,14.0,14.0,18.0,15,18.1,16.5,20.0,8.0,16.0,100.0,100.0,19.0,17.0,12.33333,11.0,10.0,13.5,5.5,870.68333
2.0,4,4,4,4,4,4,4,4,4,4,4,4,4,4,4.0,4,4,4,4,4.0,4,0.0,0,4,4.0,40.125,33.25,35.0,28.0,39.0,37.0,40.0,20.0,15.0,20.0,20.0,10,10.0,20.0,18.0,19.5,12,20.0,20.0,20.0,13.0,18.0,110.0,104.0,20.0,19.0,0.0,16.0,17.5,20.0,18.0,931.375
4.0,4,4,4,4,4,4,0,4,4,4,4,4,4,4,0.0,0,0,0,0,0.0,0,0.0,0,0,0.0,40.0,0.0,40.0,40.0,34.5,38.0,0.0,20.0,0.0,15.0,0.0,0,0.0,0.0,14.0,15.0,0,0.0,20.0,19.0,18.0,0.0,15.0,64.5,17.0,19.0,12.0,11.5,6.7,5.0,0.0,525.2
0.0,4,0,4,4,4,4,0,0,4,0,0,0,4,4,0.0,0,0,0,0,0.0,2,4.0,4,0,0.0,35.5,16.5,40.0,0.0,21.5,0.0,0.0,20.0,15.0,16.0,14.0,10,9.5,0.0,14.0,9.25,16,11.0,19.0,16.0,19.0,15.5,94.0,99.5,18.0,16.0,9.0,8.0,6.0,10.0,0.0,620.25
4.0,4,0,0,0,4,4,0,4,4,2,4,0,4,4,2.0,4,2,2,4,0.0,0,4.0,4,4,5.0,20.375,0.0,40.0,38.0,30.75,27.625,40.0,20.0,10.0,15.0,14.5,10,10.0,19.0,0.0,0.0,15,0.0,16.0,18.0,15.0,15.5,110.0,99.0,0.0,12.0,8.66666,7.0,9.0,9.5,4.0,707.91666
4.0,4,4,0,4,4,4,4,4,4,4,4,2,4,4,2.0,4,4,2,4,4.0,4,4.0,4,4,5.0,14.0,2.0,35.0,27.0,32.5,0.0,0.0,19.0,10.0,12.0,15.5,10,8.0,17.0,16.0,19.0,19,7.0,20.0,0.0,0.0,20.0,0.0,26.0,15.0,17.0,11.0,0.0,7.2,3.5,6.0,483.7
4.0,4,0,0,0,0,4,4,4,4,0,0,0,0,0,0.0,0,0,0,0,4.0,0,4.0,4,0,4.0,34.375,22.0,32.0,0.0,28.0,0.0,39.0,20.0,0.0,12.5,15.5,0,0.0,15.0,20.0,18.5,16,9.8,9.0,0.0,10.0,14.5,100.0,98.5,20.0,16.0,0.0,9.5,6.0,6.0,10.0,627.175
4.0,4,4,4,4,4,4,4,4,4,4,4,2,4,4,3.0,4,2,2,4,4.0,4,4.0,0,4,0.0,40.5,26.5,40.0,35.5,38.0,40.0,40.0,20.0,20.0,15.0,14.0,10,9.5,18.0,10.0,20.0,16,13.2,18.0,18.0,14.0,15.0,100.0,99.0,18.0,15.0,12.5,6.0,4.5,0.0,0.0,840.2
4.0,4,4,4,4,4,4,4,4,4,4,4,4,4,4,3.0,4,4,4,4,4.0,4,4.0,4,2,0.0,39.0,33.25,40.0,37.0,34.75,38.0,39.0,19.0,15.0,15.5,13.0,7,7.0,17.0,18.0,19.0,16,16.0,19.0,18.5,19.0,17.5,100.0,87.0,19.0,19.0,12.16666,15.0,14.9,17.0,6.5,887.56666
4.0,4,4,4,4,4,4,4,4,2,4,4,2,4,4,4.0,4,2,2,4,4.0,4,4.0,4,4,9.0,42.0,28.0,40.0,26.0,37.0,40.0,40.0,20.0,15.0,15.0,20.0,10,10.0,16.0,8.0,19.5,20,20.0,16.0,4.5,12.0,20.0,110.0,106.0,19.0,18.0,14.83333,17.0,18.0,17.0,10.5,915.33333
4.0,4,0,0,0,4,0,0,4,4,4,4,2,2,2,0.0,4,4,2,2,0.0,0,4.0,0,0,0.0,30.75,14.25,36.0,10.5,29.5,32.5,40.0,20.0,10.0,16.0,18.0,10,10.0,14.0,14.0,17.5,14,7.8,17.0,20.0,7.0,20.0,100.0,93.5,16.0,10.0,10.5,6.5,5.1,5.0,4.0,714.4
4.0,4,4,4,4,4,4,4,4,4,4,4,4,4,4,4.0,4,4,4,4,4.0,4,4.0,4,4,5.0,37.875,12.0,40.0,38.0,37.5,40.0,40.0,20.0,20.0,15.0,20.0,10,10.0,20.0,14.0,20.0,20,20.0,20.0,20.0,18.0,20.0,100.0,100.0,17.0,18.0,17.16666,12.0,16.5,20.0,9.5,932.54166
4.0,4,4,4,0,4,4,4,4,4,4,4,4,4,4,2.0,4,4,4,4,4.0,4,0.0,4,0,0.0,38.125,23.75,40.0,37.0,34.25,0.0,34.0,19.0,20.0,18.0,15.5,10,10.0,6.0,16.0,15.5,8,14.8,16.0,17.5,17.0,12.5,100.0,95.5,17.0,17.0,10.5,0.0,4.5,8.5,8.0,774.925
2.0,4,4,4,4,4,4,4,4,4,4,4,0,4,4,4.0,4,2,4,4,4.0,4,4.0,4,4,5.0,41.0,20.75,40.0,40.0,30.0,35.25,40.0,20.0,20.0,18.5,20.0,10,10.0,20.0,14.0,18.0,16,13.4,17.0,20.0,18.0,18.0,100.0,100.0,16.0,18.0,9.66666,10.0,15.9,20.0,11.5,902.96666
0.0,4,0,0,0,0,2,4,0,0,0,0,0,0,0,0.0,2,2,2,0,0.0,0,0.0,0,0,0.0,4.0,0.0,0.0,0.0,0.0,0.0,0.0,20.0,0.0,0.0,0.0,0,0.0,0.0,0.0,0.0,0,0.0,0.0,0.0,0.0,18.5,0.0,99.5,18.0,9.0,9.0,0.0,0.0,0.0,0.0,194.0
4.0,4,4,0,0,0,0,0,0,0,0,0,0,0,0,0.0,0,0,0,0,0.0,0,0.0,4,4,0.0,34.25,0.0,40.0,29.0,38.5,39.25,39.0,20.0,10.0,15.0,20.0,10,10.0,12.0,14.0,20.0,15,12.6,16.0,18.0,7.0,14.5,100.0,94.5,15.0,9.0,0.0,7.0,4.9,15.0,12.0,716.5
4.0,4,4,4,4,4,4,4,2,4,4,4,2,4,4,4.0,4,2,4,4,4.0,4,4.0,4,4,4.0,14.0,28.75,40.0,39.0,38.5,40.0,40.0,20.0,10.0,0.0,15.5,10,10.0,16.0,14.0,18.5,16,16.0,17.0,20.0,17.0,18.0,100.0,97.5,18.0,18.0,12.16666,9.0,9.7,8.0,0.5,834.11666
4.0,4,4,4,4,4,4,4,4,4,3,4,2,3,3,4.0,2,2,4,4,4.0,4,0.0,4,4,0.0,38.625,35.5,40.0,33.0,39.0,35.75,40.0,20.0,19.0,15.0,20.0,10,10.0,20.0,18.0,20.0,20,16.5,20.0,19.5,16.0,18.0,100.0,100.0,20.0,20.0,17.83333,11.0,9.8,14.0,14.5,923.00833
4.0,4,4,4,4,4,4,4,4,4,4,4,4,0,4,4.0,4,4,4,4,4.0,4,4.0,4,4,10.0,34.5,22.75,40.0,38.0,33.5,38.25,40.0,2.0,20.0,12.5,13.0,10,9.0,18.0,8.0,20.0,14,12.0,20.0,18.5,15.0,15.75,100.0,100.0,18.0,16.0,10.0,6.0,6.7,20.0,1.5,843.95
0.0,4,0,0,0,0,0,0,4,4,0,0,0,4,4,0.0,0,0,0,4,4.0,4,4.0,0,0,40.0,9.5,28.75,16.0,34.0,37.0,0.0,0.0,20.0,0.0,13.0,0.0,0,0.0,0.0,0.0,0.0,13,13.3,19.0,18.0,0.0,0.0,0.0,105.0,0.0,20.0,11.0,11.0,14.6,0.0,0.0,459.15
4.0,4,4,4,4,4,4,4,2,2,2,4,4,4,4,2.0,2,2,2,4,4.0,4,4.0,4,4,5.0,34.75,25.5,35.0,22.0,31.0,39.0,40.0,20.0,10.0,10.0,16.5,10,9.5,0.0,12.0,16.0,13,0.0,16.0,12.5,9.0,13.5,100.0,68.0,14.0,16.0,7.0,9.5,6.5,6.0,0.0,713.25
4.0,4,4,0,4,4,0,0,0,0,2,0,0,0,0,0.0,0,0,0,0,0.0,0,0.0,0,0,0.0,37.5,0.0,0.0,0.0,0.0,0.0,0.0,20.0,0.0,0.0,0.0,0,0.0,0.0,0.0,0.0,0,0.0,0.0,0.0,0.0,0.0,0.0,0.0,14.0,8.0,0.0,0.0,0.0,0.0,0.0,101.5
4.0,4,0,0,0,4,4,4,4,4,4,4,4,4,4,4.0,4,4,4,4,4.0,4,4.0,4,4,0.0,35.875,23.75,35.0,37.0,21.5,20.25,39.0,20.0,10.0,15.0,20.0,10,9.5,8.0,14.0,19.5,8,20.0,19.0,20.0,16.0,18.0,100.0,96.5,19.0,16.0,11.66666,10.0,15.0,14.0,8.5,823.04166
4.0,4,0,4,0,4,4,4,4,4,2,0,0,4,4,0.0,4,4,2,4,4.0,4,0.0,0,0,0.0,30.5,0.0,0.0,0.0,24.75,0.0,0.0,20.0,0.0,15.0,0.0,0,0.0,0.0,14.0,15.5,0,0.0,17.0,0.0,8.0,0.0,0.0,15.5,15.0,0.0,12.5,10.0,5.0,0.0,0.0,266.75
4.0,4,4,4,4,4,4,4,4,4,4,4,4,4,4,2.0,4,4,4,4,4.0,4,4.0,4,4,0.0,39.0,24.0,40.0,32.0,16.25,32.5,40.0,20.0,15.0,10.5,15.5,10,10.0,13.0,14.0,17.0,20,14.0,18.0,19.0,13.0,17.0,100.0,104.0,20.0,17.0,10.66666,11.0,14.6,14.5,7.0,851.51666
4.0,4,4,4,4,4,4,4,4,2,4,4,4,4,4,4.0,4,4,2,4,4.0,4,4.0,4,2,0.0,11.5,31.0,40.0,39.0,32.0,28.0,39.0,20.0,15.0,16.5,20.0,0,0.0,18.0,8.0,17.25,14,10.5,19.0,20.0,14.0,14.5,100.0,84.5,2.0,20.0,7.0,17.0,15.8,19.0,11.0,802.55
4.0,4,4,4,0,4,4,4,4,0,4,4,2,4,4,4.0,4,4,4,4,4.0,4,4.0,4,4,0.0,39.625,30.625,40.0,39.0,39.5,39.5,40.0,20.0,20.0,18.0,20.0,10,10.0,18.0,20.0,20.0,20,18.5,20.0,19.5,20.0,17.5,100.0,104.5,18.0,20.0,15.33333,18.0,17.0,18.0,12.0,957.58333
4.0,4,3,4,4,4,4,4,4,4,2,4,3,4,2,3.0,4,3,2,4,0.0,0,2.0,4,4,15.0,38.0,32.125,40.0,33.0,0.0,36.75,0.0,19.0,20.0,16.0,20.0,10,10.0,0.0,14.0,18.5,19,14.8,15.0,19.5,0.0,0.0,100.0,100.0,16.0,18.0,14.16666,15.0,14.4,19.0,0.0,772.24166
0.0,0,0,4,4,4,4,4,0,0,0,0,0,4,4,4.0,4,4,0,0,0.0,0,0.0,0,4,0.0,25.375,0.0,40.0,26.0,34.5,30.75,40.0,20.0,0.0,0.0,15.0,10,9.5,10.0,14.0,0.0,0,0.0,20.0,20.0,13.0,16.0,100.0,56.0,0.0,0.0,0.0,8.0,1.0,13.0,0.0,572.125
4.0,4,4,4,4,4,4,2,4,4,3,4,3,2,3,2.0,4,4,3,4,4.0,4,4.0,4,2,0.0,39.0,33.25,36.0,35.0,39.5,38.5,40.0,20.0,20.0,20.0,15.5,10,10.0,20.0,17.0,20.0,12,16.0,19.0,20.0,18.0,18.0,75.0,105.0,18.0,19.0,13.0,5.0,10.2,8.0,6.5,864.45
0.0,3,0,0,0,0,0,0,4,0,2,4,0,0,0,0.0,0,0,0,0,0.0,0,0.0,0,0,4.0,30.0,0.0,11.0,0.0,13.0,0.0,0.0,20.0,10.0,0.0,0.0,0,0.0,0.0,14.0,15.75,11,6.4,14.0,17.5,0.0,13.5,0.0,100.0,13.0,15.0,0.0,11.0,4.0,0.0,0.0,336.15
4.0,4,4,4,4,4,4,4,4,4,4,4,2,4,4,4.0,4,4,4,4,4.0,4,4.0,4,4,10.0,40.0,38.0,36.0,40.0,36.0,40.0,40.0,20.0,20.0,15.0,0.0,10,10.0,19.0,16.0,20.0,18,15.0,20.0,19.5,16.0,19.5,100.0,110.0,18.0,16.0,15.83333,14.0,15.8,15.0,4.0,929.63333
4.0,2,4,4,4,0,4,4,4,4,4,4,2,4,4,4.0,4,4,2,4,4.0,4,4.0,4,2,0.0,33.5,24.25,20.0,36.0,38.0,40.0,40.0,20.0,15.0,13.0,0.0,10,10.0,20.0,14.0,13.5,13,17.7,17.0,18.0,15.0,20.0,100.0,105.0,19.0,19.0,15.16666,10.0,9.8,10.0,7.0,835.91666
4.0,4,0,0,0,0,4,4,0,0,2,4,2,0,0,0.0,0,0,0,0,0.0,0,0.0,0,0,0.0,29.125,0.0,4.0,0.0,21.0,38.0,0.0,2.0,10.0,12.0,20.0,10,10.0,0.0,14.0,16.0,8,14.0,0.0,17.0,13.0,0.0,0.0,79.0,17.0,0.0,0.0,6.0,0.0,0.0,0.0,364.125
4.0,4,4,4,4,0,4,4,4,4,4,4,2,4,4,3.5,4,4,2,4,4.0,4,4.0,4,4,4.0,38.5,34.75,40.0,39.0,0.0,37.0,0.0,19.0,15.0,12.0,15.5,0,0.0,0.0,19.0,19.0,20,18.0,20.0,0.0,17.0,17.0,100.0,80.0,19.0,20.0,13.66666,12.0,15.5,18.0,0.0,754.41666
4.0,4,4,4,4,4,4,4,4,4,4,4,4,4,4,4.0,4,4,2,4,4.0,4,4.0,4,4,0.0,39.625,16.5,31.0,29.0,22.0,26.25,40.0,20.0,0.0,12.0,0.0,0,0.0,18.0,16.0,17.25,18,11.0,17.0,17.5,14.0,15.5,100.0,97.0,15.0,10.0,10.5,8.0,5.0,0.0,7.5,731.625
4.0,4,4,0,0,4,4,4,4,4,4,4,4,4,4,4.0,4,4,4,4,4.0,4,4.0,4,4,4.0,37.5,27.25,40.0,38.0,35.0,35.5,40.0,20.0,10.0,18.0,15.5,10,9.5,16.0,14.0,20.0,16,16.0,19.0,19.5,18.0,20.0,100.0,100.0,16.0,16.0,10.0,12.0,9.1,6.0,6.5,871.35
4.0,4,0,0,0,0,2,4,2,2,4,4,2,4,4,4.0,4,2,2,4,4.0,4,0.0,0,0,0.0,31.5,0.0,26.0,14.5,37.0,27.0,0.0,7.0,19.0,15.0,19.5,10,2.0,0.0,14.0,16.75,12,7.0,14.0,20.0,15.0,16.0,0.0,91.0,11.0,6.0,7.0,5.0,3.5,2.5,3.5,512.75
4.0,4,4,4,4,0,0,0,4,4,0,0,0,4,3,4.0,2,2,2,2,4.0,2,0.0,0,0,4.0,39.0,21.75,0.0,40.0,37.0,0.0,20.0,20.0,10.0,0.0,20.0,0,0.0,7.0,16.0,19.25,18,18.0,19.0,0.0,18.0,16.0,91.0,97.0,14.0,0.0,4.0,9.0,5.0,0.0,0.0,621.0
4.0,4,4,4,4,4,4,4,4,4,4,4,4,4,4,4.0,4,4,4,4,4.0,2,4.0,4,4,4.0,42.0,31.75,40.0,39.0,32.0,40.0,40.0,20.0,20.0,20.0,20.0,10,10.0,14.0,16.0,19.0,11,13.8,20.0,20.0,20.0,20.0,110.0,110.0,17.0,19.0,11.83333,17.0,17.8,20.0,9.0,957.18333
0.0,4,4,2,4,4,2,2,2,4,4,4,2,4,4,4.0,4,4,4,4,4.0,4,4.0,4,4,10.0,29.625,14.0,40.0,38.0,32.75,40.0,40.0,2.0,20.0,16.0,18.5,10,10.0,14.0,14.0,19.5,16,16.0,19.0,20.0,15.5,17.0,100.0,100.0,16.0,10.0,8.66666,8.0,8.0,3.5,0.5,817.54166
4.0,4,4,0,0,0,0,0,0,0,0,0,0,0,0,0.0,2,2,2,0,4.0,4,4.0,4,0,0.0,7.0,23.0,31.0,0.0,0.0,0.0,19.0,20.0,0.0,0.0,20.0,0,7.0,16.0,18.0,0.0,0,0.0,0.0,0.0,0.0,9.0,40.0,0.0,0.0,8.0,6.0,6.0,7.5,3.0,0.0,279.5
2.0,4,4,4,4,4,4,4,4,4,4,4,2,4,4,4.0,4,4,4,4,4.0,4,4.0,4,4,0.0,41.5,24.0,40.0,33.5,38.5,40.0,40.0,20.0,0.0,18.0,15.5,10,10.0,16.0,20.0,19.5,13,12.0,20.0,20.0,19.0,20.0,100.0,52.0,17.0,19.0,11.66666,10.0,8.4,9.5,2.5,816.56666
0.0,0,0,0,0,0,0,0,4,4,0,0,0,0,0,0.0,0,0,0,0,0.0,0,0.0,0,0,0.0,2.0,0.0,0.0,0.0,0.0,0.0,0.0,0.0,0.0,0.0,0.0,0,0.0,0.0,0.0,0.0,14,0.0,0.0,0.0,0.0,0.0,0.0,0.0,0.0,0.0,0.0,0.0,0.0,0.0,0.0,24.0
4.0,4,4,4,4,4,4,4,4,4,4,4,2,4,4,3.0,4,4,4,4,4.0,4,4.0,4,4,4.0,38.5,28.5,40.0,33.0,32.875,36.75,40.0,19.0,15.0,15.0,13.0,10,10.0,4.0,19.0,18.5,20,10.4,18.0,12.5,18.0,17.0,100.0,100.0,16.0,16.0,13.5,10.0,15.5,11.0,11.5,868.525
4.0,4,4,4,4,4,4,4,4,4,4,4,4,4,4,4.0,4,4,2,4,4.0,4,4.0,4,4,0.0,35.5,5.5,40.0,34.0,35.5,0.0,40.0,20.0,20.0,13.0,15.5,10,10.0,18.0,16.0,18.5,15,16.0,18.0,15.5,16.0,20.0,35.0,100.0,20.0,19.0,12.83333,9.5,12.5,7.0,8.0,758.83333
4.0,4,4,0,0,4,4,4,0,0,2,4,2,0,0,0.0,2,4,2,0,0.0,0,0.0,0,0,0.0,36.375,0.0,0.0,0.0,0.0,0.0,0.0,20.0,0.0,0.0,0.0,0,0.0,0.0,16.0,20.0,0,0.0,0.0,13.5,14.0,0.0,40.0,85.0,17.0,20.0,13.5,10.0,0.0,0.0,0.0,345.375
0.0,4,4,4,4,4,4,4,4,4,4,4,4,4,4,4.0,4,4,4,4,4.0,4,4.0,4,4,0.0,39.0,10.5,40.0,37.5,29.0,32.5,40.0,20.0,19.0,9.0,20.0,10,10.0,20.0,14.0,18.5,14,6.5,16.0,12.0,18.0,18.5,100.0,100.0,15.0,17.0,13.0,12.0,17.1,16.0,11.0,856.1
4.0,4,0,4,0,4,4,2,4,4,4,4,2,3,3,0.0,4,2,3,4,4.0,4,4.0,0,0,2.0,22.625,24.75,40.0,24.0,24.75,28.0,40.0,2.0,10.0,12.0,13.5,10,10.0,20.0,14.0,17.25,6,0.0,17.0,19.5,11.0,17.5,100.0,82.0,17.0,8.0,0.0,7.0,10.4,9.5,11.5,702.275
0.0,4,0,4,3,3,4,4,4,4,3,4,2,0,0,0.0,0,0,0,0,0.0,0,0.0,0,0,0.0,36.5,12.0,0.0,38.0,0.0,30.0,40.0,20.0,0.0,18.0,19.5,10,10.0,14.0,18.0,18.5,20,14.8,0.0,18.0,14.0,18.0,40.0,104.0,18.0,17.0,12.16666,13.0,6.1,18.0,14.0,655.56666
4.0,4,4,4,4,0,4,4,4,4,4,4,2,4,4,3.0,4,4,4,4,4.0,4,4.0,4,4,0.0,34.25,15.0,36.0,26.5,35.0,36.5,30.0,2.0,15.0,12.0,19.5,0,0.0,10.0,14.0,16.5,20,14.1,18.0,18.5,11.5,16.0,100.0,93.0,17.0,13.0,13.66666,9.0,11.8,13.0,14.5,780.81666
4.0,4,0,0,0,4,4,2,4,4,2,4,4,4,2,0.0,4,2,2,4,4.0,3,2.0,4,4,10.0,9.5,28.0,40.0,33.0,0.0,38.5,0.0,20.0,10.0,0.0,19.0,10,10.0,5.0,0.0,18.0,16,11.5,18.0,15.5,16.0,13.5,110.0,100.0,16.0,17.0,15.16666,15.0,13.5,20.0,3.0,727.16666
4.0,4,4,4,4,4,4,4,4,4,0,0,0,4,4,3.0,4,4,4,4,4.0,4,4.0,4,4,5.0,37.25,40.0,38.0,40.0,37.0,38.75,40.0,20.0,15.0,18.0,19.5,10,10.0,17.0,20.0,20.0,14,15.6,17.0,18.0,16.0,20.0,100.0,105.0,18.0,19.0,14.5,13.0,18.8,18.0,15.5,939.9
4.0,4,0,0,0,0,4,4,2,4,4,4,2,4,2,0.0,4,4,0,2,4.0,4,0.0,0,0,5.0,35.5,0.0,16.0,17.5,36.0,27.0,0.0,20.0,20.0,14.5,20.0,0,0.0,0.0,14.0,5.0,13,7.4,12.0,17.5,15.5,14.0,0.0,93.5,9.0,11.0,7.33333,14.0,14.1,4.5,0.0,519.33333
4.0,4,4,4,4,4,4,0,0,0,4,4,2,4,0,0.0,4,4,2,0,0.0,0,0.0,0,0,0.0,34.875,0.0,20.0,21.5,0.0,14.0,0.0,20.0,0.0,16.5,0.0,0,0.0,0.0,14.0,0.0,0,0.0,0.0,0.0,6.0,16.0,0.0,53.0,0.0,13.0,9.0,8.0,3.5,0.0,0.0,301.375
4.0,4,4,4,4,0,0,0,4,2,4,4,2,4,4,3.0,4,4,2,0,4.0,4,4.0,4,4,0.0,39.5,26.0,15.0,38.0,32.0,39.5,40.0,20.0,19.0,15.0,16.0,10,10.0,16.0,19.0,20.0,16,10.8,18.0,13.0,20.0,17.5,100.0,96.0,16.0,13.0,9.66666,11.0,11.0,10.5,0.0,819.46666
4.0,4,3,0,4,4,4,4,4,2,4,4,4,4,4,0.0,4,2,0,4,4.0,4,0.0,4,4,0.0,30.0,0.0,40.0,34.0,35.25,36.75,0.0,20.0,10.0,18.0,20.0,10,10.0,12.0,18.0,0.0,15,2.0,18.0,17.5,18.0,18.0,100.0,104.5,14.0,12.0,9.5,10.0,4.2,8.0,11.0,737.2
4.0,2,4,0,0,0,0,0,4,4,4,4,4,4,4,4.0,4,4,4,4,4.0,4,4.0,4,4,0.0,38.5,32.0,40.0,40.0,36.0,40.0,20.0,20.0,20.0,16.0,15.5,10,10.0,18.0,14.0,20.0,20,19.2,19.0,13.0,17.0,17.5,100.0,105.0,20.0,20.0,13.33333,15.0,17.0,17.5,0.0,886.53333
4.0,4,4,4,0,4,4,4,4,4,2,4,2,4,4,2.0,4,2,4,4,4.0,4,4.0,4,4,0.0,37.5,23.75,40.0,27.0,0.0,34.0,40.0,20.0,0.0,18.0,10.5,10,10.0,20.0,0.0,15.0,15,17.5,19.0,18.5,10.0,20.0,100.0,77.0,17.0,17.0,10.6,11.0,5.6,0.0,7.0,743.95
4.0,4,4,4,4,4,4,4,4,4,4,4,4,4,4,4.0,4,4,4,4,4.0,4,4.0,4,0,44.0,38.75,38.5,40.0,37.0,38.0,37.0,40.0,20.0,20.0,20.0,19.0,0,10.0,17.0,18.0,20.0,20,18.0,20.0,20.0,20.0,19.0,100.0,100.0,20.0,19.0,20.0,19.0,17.0,18.5,4.0,992.75
4.0,4,4,4,4,4,4,4,4,4,4,4,4,4,4,4.0,4,4,4,4,4.0,4,4.0,4,4,4.0,40.0,36.5,40.0,39.0,38.0,38.5,39.0,20.0,15.0,12.0,20.0,10,10.0,17.0,20.0,20.0,19,19.2,19.0,20.0,20.0,16.5,100.0,100.0,20.0,17.0,13.66666,18.0,18.1,20.0,12.0,956.46666
4.0,4,4,4,0,4,4,0,4,4,4,4,2,4,4,2.0,0,0,0,4,4.0,4,4.0,4,4,4.0,42.0,26.0,40.0,37.0,36.0,31.0,40.0,20.0,10.0,13.0,16.0,10,10.0,8.0,20.0,20.0,20,16.2,19.0,20.0,18.0,16.0,91.0,100.0,20.0,19.0,11.5,14.0,12.8,16.0,0.0,857.5
4.0,4,4,4,4,4,4,4,4,4,4,4,4,4,4,4.0,4,4,2,4,4.0,4,4.0,4,4,5.0,29.0,36.0,20.0,0.0,19.6,0.0,0.0,20.0,10.0,16.0,0.0,0,0.0,0.0,0.0,6.0,19,0.0,20.0,0.0,16.0,19.5,0.0,0.0,19.0,11.0,8.5,10.0,0.0,0.0,0.0,382.6
4.0,0,4,4,4,4,4,4,4,4,4,4,4,4,4,4.0,4,4,4,4,4.0,4,4.0,4,4,4.0,39.0,24.0,34.0,32.0,28.0,30.0,40.0,20.0,5.0,12.0,12.5,10,10.0,14.0,14.0,17.5,16,16.0,17.0,19.0,11.0,0.0,100.0,97.5,17.0,16.0,13.33333,9.0,14.7,13.0,9.5,816.03333
4.0,4,4,4,4,4,4,4,4,4,2,4,4,4,4,4.0,4,4,4,4,4.0,4,4.0,4,9,0.0,39.5,29.75,35.0,40.0,39.0,40.0,40.0,20.0,15.0,9.0,13.5,10,10.0,16.0,16.0,16.5,20,16.5,19.5,18.0,16.0,19.0,100.0,104.5,18.0,20.0,13.5,18.0,13.5,13.0,0.0,906.75
4.0,4,4,4,4,4,4,4,2,2,4,4,4,4,4,2.0,4,4,4,4,4.0,4,4.0,4,4,4.0,39.5,27.0,40.0,37.0,39.0,39.75,0.0,20.0,10.0,16.0,20.0,10,10.0,0.0,20.0,20.0,14,19.0,18.0,18.5,20.0,17.5,100.0,100.0,17.0,14.0,11.33333,12.0,7.7,4.5,0.0,824.78333
4.0,4,4,4,0,4,4,4,4,4,4,4,2,4,4,2.0,4,4,4,0,4.0,4,4.0,4,0,0.0,38.625,29.25,40.0,0.0,31.5,35.75,40.0,20.0,19.0,13.0,20.0,10,10.0,16.0,20.0,18.5,18,20.0,19.0,16.0,0.0,15.5,110.0,0.0,18.0,20.0,15.16666,10.0,9.8,19.5,8.0,749.59166
4.0,4,4,4,4,4,4,4,4,4,4,4,4,4,4,4.0,4,4,4,4,4.0,4,4.0,4,4,4.0,35.25,30.75,40.0,33.0,35.5,40.0,40.0,20.0,10.0,12.0,15.5,10,10.0,16.0,14.0,18.5,16,12.0,19.0,19.5,16.0,20.0,100.0,105.0,19.0,19.0,14.16666,11.0,13.0,9.0,8.5,890.66666
4.0,4,4,4,4,4,4,4,0,0,3,4,2,4,2,0.0,4,2,2,4,0.0,0,4.0,4,0,0.0,41.0,20.75,40.0,37.0,28.75,31.0,20.0,20.0,10.0,15.0,18.5,10,8.5,19.0,20.0,20.0,10,16.5,19.0,11.0,18.0,16.5,100.0,100.0,17.0,18.0,13.0,10.0,11.9,12.5,10.0,814.9
4.0,4,4,4,0,0,2,4,2,0,4,4,2,4,4,4.0,0,0,0,4,2.0,2,4.0,4,0,0.0,33.0,24.0,34.0,27.0,27.0,16.25,40.0,19.0,10.0,9.0,9.5,0,10.0,16.0,14.0,20.0,14,8.0,17.0,12.0,5.0,11.5,100.0,57.0,17.0,16.0,9.83333,7.5,7.0,8.5,9.0,675.08333
4.0,4,4,4,4,4,4,4,4,4,4,4,4,4,4,4.0,4,4,4,4,4.0,4,4.0,4,4,4.0,42.0,37.5,40.0,39.0,37.5,40.0,40.0,20.0,10.0,14.5,20.0,10,10.0,18.0,20.0,20.0,16,20.0,20.0,20.0,20.0,20.0,110.0,100.0,20.0,20.0,13.16666,18.0,16.6,14.0,0.0,955.26666
4.0,4,4,4,4,0,4,4,4,4,4,4,2,4,2,0.0,4,4,2,0,0.0,0,0.0,0,4,0.0,38.375,33.5,40.0,31.0,0.0,34.0,40.0,20.0,10.0,15.5,15.5,10,10.0,16.0,20.0,19.75,20,15.0,19.0,18.0,20.0,17.0,100.0,100.0,20.0,20.0,15.5,12.0,16.5,20.0,9.0,846.625
4.0,4,4,4,4,4,4,4,0,0,0,0,0,0,0,0.0,0,0,0,0,0.0,0,0.0,0,0,0.0,30.5,0.0,40.0,8.0,36.5,0.0,0.0,20.0,0.0,0.0,0.0,0,0.0,0.0,14.0,0.0,0,0.0,10.0,9.5,0.0,0.0,0.0,102.0,17.0,18.0,9.0,8.0,0.0,0.0,0.0,354.5
4.0,4,4,4,0,4,4,4,4,4,4,4,2,4,4,4.0,4,4,2,4,4.0,0,4.0,4,4,0.0,28.5,32.5,37.0,18.5,27.75,6.5,34.0,20.0,10.0,16.0,15.5,10,9.5,12.0,14.0,19.5,15,15.0,20.0,19.0,17.5,17.0,100.0,27.5,14.0,0.0,6.16666,5.0,4.0,6.5,7.0,677.91666
4.0,4,4,4,4,4,4,4,4,4,4,4,4,4,4,4.0,4,4,2,4,4.0,4,4.0,4,4,0.0,41.0,31.5,40.0,37.0,39.0,40.0,40.0,20.0,20.0,15.0,18.5,10,10.0,19.0,16.0,20.0,19,20.0,20.0,20.0,20.0,0.0,100.0,110.0,19.0,20.0,13.66666,15.0,16.0,11.0,0.0,923.66666
4.0,4,4,4,4,4,4,4,4,4,4,4,4,4,4,4.0,4,4,4,4,4.0,4,4.0,4,4,4.0,42.0,34.125,40.0,40.0,40.0,40.0,40.0,20.0,20.0,16.0,20.0,10,10.0,20.0,14.0,20.0,20,20.0,20.0,20.0,20.0,20.0,100.0,97.0,17.0,20.0,14.5,18.0,17.3,19.5,10.5,968.925
4.0,4,4,4,0,0,4,4,0,0,4,4,4,4,4,4.0,4,4,4,4,4.0,4,4.0,4,4,0.0,40.0,1.75,20.0,37.0,35.0,39.0,39.0,20.0,19.0,0.0,20.0,0,0.0,13.0,14.0,0.0,4,18.0,0.0,0.0,0.0,0.0,60.0,104.5,16.0,19.0,11.5,10.0,0.0,3.0,0.0,627.75
4.0,4,0,0,0,4,2,4,4,0,3,4,2,4,3,2.0,4,2,3,2,0.0,2,4.0,4,2,10.0,16.0,6.5,38.0,17.75,38.0,37.75,39.0,20.0,20.0,12.5,18.5,10,9.5,20.0,0.0,17.0,17,10.8,16.0,16.5,9.0,13.5,100.0,80.0,13.0,14.0,8.5,7.0,6.7,6.5,6.0,723.0
4.0,4,4,4,4,0,0,0,0,0,0,0,0,0,0,0.0,0,0,0,0,4.0,4,4.0,4,4,0.0,37.875,24.0,40.0,28.0,34.5,35.25,39.0,20.0,20.0,16.0,19.5,10,10.0,16.0,14.0,19.75,20,18.0,18.0,20.0,18.0,17.5,100.0,97.5,18.0,13.0,11.0,10.0,14.2,6.0,0.0,810.075
4.0,4,4,4,4,4,4,4,4,4,4,4,2,4,4,4.0,4,4,4,4,4.0,4,4.0,4,4,9.0,42.0,0.0,0.0,35.0,28.5,8.5,39.0,20.0,20.0,18.0,20.0,10,9.0,14.0,14.0,15.5,15,11.3,13.0,17.5,14.0,17.5,100.0,100.0,18.0,10.0,11.5,10.0,12.5,4.0,6.5,766.3
4.0,4,4,4,4,0,0,0,4,4,4,4,0,4,4,4.0,4,4,4,4,4.0,4,4.0,4,4,0.0,40.5,30.5,36.0,40.0,40.0,40.0,39.0,20.0,19.0,18.0,20.0,0,0.0,19.0,14.0,19.5,13,16.0,19.0,18.0,20.0,19.5,100.0,109.5,18.0,17.0,15.83333,14.0,14.8,17.0,10.0,906.13333
4.0,4,0,4,4,4,4,4,4,2,4,4,4,4,4,2.0,4,4,4,4,4.0,4,4.0,4,4,0.0,35.5,23.625,40.0,21.5,33.75,36.5,40.0,20.0,20.0,13.0,14.5,10,10.0,20.0,16.0,14.5,16,10.0,18.0,12.5,9.0,19.5,100.0,94.5,18.0,17.0,14.66666,9.0,10.5,15.5,13.0,843.04166
0.0,3,0,0,0,0,0,0,0,0,0,0,0,0,0,0.0,0,0,0,0,0.0,0,0.0,0,0,4.0,39.75,0.0,0.0,0.0,0.0,0.0,0.0,20.0,0.0,0.0,0.0,0,0.0,0.0,0.0,12.5,0,0.0,0.0,0.0,0.0,0.0,0.0,0.0,15.0,9.0,10.5,0.0,0.0,0.0,0.0,113.75
0.0,0,0,0,0,0,0,0,0,0,0,0,0,0,0,0.0,0,0,0,0,0.0,0,0.0,0,0,0.0,2.0,0.0,0.0,0.0,0.0,0.0,0.0,0.0,0.0,0.0,0.0,0,0.0,0.0,0.0,0.0,0,0.0,0.0,0.0,0.0,0.0,0.0,0.0,0.0,0.0,0.0,0.0,0.0,0.0,0.0,2.0
2.0,2,4,4,4,4,4,4,4,4,4,4,2,4,4,3.5,4,4,4,4,4.0,4,4.0,4,2,0.0,35.0,28.5,40.0,30.5,30.0,39.0,40.0,20.0,10.0,16.0,15.5,10,9.5,20.0,14.0,17.0,14,6.0,17.0,17.5,16.0,18.0,100.0,36.5,16.0,13.0,12.5,8.0,0.0,3.0,2.0,746.0
0.0,4,0,0,0,2,4,2,0,0,0,0,0,2,2,0.0,2,2,2,0,2.0,2,0.0,0,0,0.0,4.5,0.0,40.0,0.0,0.0,0.0,0.0,20.0,20.0,14.0,0.0,0,0.0,0.0,0.0,0.0,0,12.0,18.0,0.0,20.0,16.0,0.0,13.5,17.0,15.0,10.0,6.0,4.0,0.0,0.0,256.0
4.0,4,4,4,4,4,4,4,4,4,4,4,2,4,4,4.0,4,4,4,4,4.0,4,4.0,4,4,4.0,37.25,35.25,40.0,39.0,38.5,40.0,40.0,20.0,20.0,18.0,15.5,10,10.0,20.0,14.0,19.5,14,16.0,18.0,20.0,19.0,20.0,100.0,99.5,20.0,19.0,12.66666,14.0,19.8,20.0,17.0,952.96666
4.0,4,4,4,4,4,4,4,4,4,4,4,4,4,4,4.0,4,4,4,4,4.0,4,4.0,4,4,4.0,42.0,35.75,40.0,39.0,39.0,40.0,40.0,20.0,15.0,16.0,20.0,10,9.5,16.0,20.0,20.0,16,20.0,19.0,20.0,16.0,18.0,100.0,100.0,19.0,19.0,14.16666,18.0,16.0,14.0,14.5,954.91666
2.0,4,4,0,0,4,4,4,4,4,4,4,2,4,4,3.0,4,4,4,4,4.0,4,4.0,0,4,24.0,40.25,25.25,36.0,38.0,35.0,39.25,40.0,20.0,10.0,13.0,20.0,10,9.5,16.0,20.0,15.0,20,2.9,20.0,15.5,8.0,15.5,110.0,105.0,16.0,13.0,10.66666,11.0,14.0,17.0,10.5,888.31666
4.0,4,4,4,4,0,4,4,4,4,4,4,2,4,4,2.0,4,4,2,4,4.0,4,4.0,4,4,0.0,38.5,33.5,40.0,39.0,34.0,40.0,40.0,20.0,10.0,11.0,15.5,10,10.0,16.0,16.0,19.5,19,17.0,19.0,20.0,18.0,17.5,100.0,99.5,19.0,20.0,14.83333,10.0,9.9,18.0,16.5,906.23333
2.0,4,4,0,4,0,4,4,4,4,4,4,4,4,4,2.0,4,4,4,4,4.0,4,4.0,0,0,0.0,41.5,22.5,36.0,32.0,26.75,37.5,0.0,20.0,10.0,4.0,19.0,0,0.0,0.0,10.0,20.0,16,16.0,18.0,18.0,0.0,17.25,65.0,99.5,19.0,17.0,8.5,9.0,12.0,0.0,0.0,679.5
4.0,4,0,0,0,0,0,0,0,4,0,0,0,0,0,0.0,2,0,0,0,0.0,0,4.0,0,0,0.0,25.0,11.0,37.0,6.0,35.5,28.75,30.0,20.0,20.0,12.5,15.0,10,9.5,10.0,8.0,10.5,15,15.2,20.0,20.0,17.0,17.5,94.75,76.5,14.0,7.0,8.5,6.5,5.0,2.0,2.5,633.2
4.0,4,4,4,4,4,4,4,4,4,4,4,4,4,4,4.0,4,4,4,4,4.0,4,4.0,4,4,4.0,41.0,33.75,40.0,40.0,38.0,40.0,39.0,20.0,19.0,15.0,15.5,10,10.0,20.0,16.0,18.25,20,17.5,19.0,17.5,16.0,18.5,100.0,110.0,20.0,20.0,14.16666,17.0,15.0,18.5,4.0,951.66666
4.0,4,4,4,4,4,4,4,4,4,4,4,4,4,4,4.0,4,4,4,4,4.0,4,4.0,4,4,9.0,42.0,39.0,40.0,40.0,40.0,40.0,40.0,20.0,20.0,15.0,20.0,10,10.0,20.0,16.0,20.0,20,20.0,20.0,20.0,20.0,20.0,100.0,100.0,20.0,20.0,19.3,18.0,16.6,20.0,8.5,988.4
0.0,4,0,0,0,0,0,0,0,0,0,0,0,0,0,0.0,0,0,0,0,0.0,0,0.0,0,0,0.0,10.0,0.0,0.0,0.0,0.0,0.0,0.0,20.0,0.0,0.0,0.0,0,0.0,0.0,0.0,0.0,0,0.0,0.0,0.0,0.0,0.0,0.0,0.0,7.0,0.0,0.0,0.0,0.0,0.0,0.0,41.0
4.0,4,4,4,4,4,2,4,4,4,2,4,3,4,3,4.0,4,4,3,4,4.0,4,4.0,4,0,4.0,37.5,27.5,40.0,38.0,33.75,40.0,39.0,20.0,10.0,16.5,15.5,10,7.0,14.0,8.0,20.0,18,12.0,19.0,17.5,17.0,15.5,100.0,105.0,18.0,18.0,11.0,9.0,9.0,5.5,5.0,854.25
0.0,0,0,0,0,0,0,0,0,0,0,0,0,0,0,0.0,0,0,0,0,0.0,0,0.0,0,0,0.0,33.5,0.0,40.0,0.0,13.0,0.0,40.0,20.0,15.0,0.0,10.5,0,0.0,19.0,14.0,0.0,0,12.0,19.0,0.0,0.0,0.0,70.0,82.0,0.0,11.0,8.0,0.0,0.0,14.0,0.0,421.0
4.0,4,4,4,4,4,4,4,4,2,4,4,2,4,4,0.0,4,4,4,4,4.0,4,4.0,4,4,4.0,38.25,24.25,40.0,29.0,35.5,28.5,40.0,20.0,10.0,18.0,10.0,10,7.0,19.0,14.0,18.5,19,14.0,19.0,8.5,13.0,14.5,100.0,100.0,18.0,17.0,6.5,7.0,8.2,10.0,0.0,817.7
4.0,4,4,0,0,0,0,0,0,0,0,0,0,0,0,0.0,0,0,0,0,0.0,0,0.0,0,0,0.0,31.5,0.0,0.0,5.0,0.0,0.0,0.0,19.0,0.0,2.0,0.0,0,0.0,0.0,14.0,0.0,17,0.0,0.0,0.0,0.0,15.5,0.0,0.0,0.0,0.0,0.0,6.5,0.0,0.0,0.0,122.5
4.0,4,0,0,0,0,0,0,0,0,0,0,0,0,0,0.0,0,0,0,0,0.0,0,0.0,0,0,0.0,20.5,11.25,0.0,40.0,25.75,33.0,0.0,20.0,0.0,0.0,0.0,0,0.0,0.0,0.0,0.0,20,0.0,0.0,0.0,0.0,15.0,100.0,54.0,0.0,9.0,0.0,5.0,0.0,0.0,0.0,361.5
4.0,4,4,4,4,4,4,4,4,4,4,4,4,4,4,4.0,4,4,4,4,4.0,4,4.0,4,4,9.0,40.125,33.75,40.0,37.0,33.75,38.5,0.0,20.0,10.0,16.0,20.0,10,10.0,0.0,16.0,19.5,20,14.0,20.0,0.0,20.0,16.5,100.0,100.0,19.0,20.0,11.5,12.0,14.8,10.5,0.0,836.925
2.0,4,4,4,4,4,4,4,4,4,4,4,4,4,4,4.0,4,4,4,4,4.0,4,4.0,4,4,0.0,39.5,36.0,40.0,24.0,39.0,40.0,40.0,20.0,19.0,15.0,20.0,10,10.0,20.0,14.0,20.0,20,20.0,0.0,14.0,16.0,16.0,100.0,109.5,19.0,20.0,13.33333,16.0,13.5,19.0,13.0,918.83333
2.0,4,4,4,4,4,4,4,4,4,4,4,4,4,4,4.0,4,4,2,2,4.0,4,4.0,4,4,0.0,36.0,31.75,40.0,38.0,34.0,40.0,40.0,20.0,20.0,20.0,19.5,10,10.0,0.0,16.0,19.0,14,15.0,20.0,20.0,18.0,20.0,100.0,110.0,17.0,19.0,13.83333,18.0,18.8,19.5,11.0,927.38333
4.0,4,4,4,4,0,0,0,4,4,4,4,0,4,4,4.0,4,4,4,4,4.0,4,4.0,4,2,0.0,37.75,30.25,40.0,35.0,34.0,30.5,0.0,20.0,10.0,10.0,15.5,10,9.5,0.0,14.0,18.0,11,16.2,19.0,0.0,17.0,18.0,100.0,100.0,18.0,19.0,15.16666,12.0,11.5,18.0,0.0,771.36666
4.0,4,4,4,4,4,4,4,0,0,4,4,4,4,4,4.0,4,4,4,4,0.0,0,4.0,4,4,9.0,39.75,28.75,40.0,32.0,36.0,40.0,40.0,20.0,10.0,17.5,12.0,10,10.0,17.0,16.0,20.0,0,16.0,20.0,20.0,6.5,17.5,110.0,98.0,20.0,17.0,10.0,13.0,16.0,11.0,13.0,875.0
4.0,4,4,4,4,0,4,0,0,0,4,4,4,4,4,3.5,4,4,4,4,4.0,4,4.0,4,4,5.0,35.125,3.5,40.0,36.0,37.0,39.5,39.0,19.0,10.0,12.0,20.0,10,8.0,8.0,20.0,18.5,16,17.1,16.0,18.5,7.5,13.5,100.0,100.0,17.0,20.0,13.16666,11.0,11.0,10.0,3.5,823.39166
2.0,4,4,4,4,4,4,4,4,4,4,4,2,4,4,4.0,4,4,2,4,4.0,4,4.0,0,4,4.0,41.0,26.25,40.0,36.0,39.0,37.5,40.0,20.0,15.0,15.0,18.5,7,7.0,16.0,18.0,19.75,14,14.5,20.0,19.0,18.0,18.0,100.0,99.0,18.0,20.0,10.5,11.0,7.7,11.5,0.0,876.2
4.0,4,4,0,4,4,4,4,0,2,4,4,4,4,4,3.0,4,4,4,4,4.0,4,4.0,4,2,0.0,41.25,27.0,36.0,37.0,38.75,40.0,39.0,19.0,10.0,16.0,15.5,10,9.0,3.0,14.0,17.5,15,15.0,18.0,19.0,19.0,17.5,100.0,97.0,18.0,17.0,11.33333,11.0,16.4,0.0,0.0,839.23333
4.0,4,4,4,4,4,4,4,4,4,4,4,4,4,4,4.0,4,4,4,4,4.0,4,4.0,4,4,4.0,42.0,32.5,40.0,39.0,24.15,40.0,40.0,20.0,10.0,18.0,20.0,10,10.0,18.0,14.0,20.0,16,16.0,20.0,20.0,20.0,20.0,110.0,110.0,19.0,20.0,13.83333,18.0,17.0,20.0,6.0,952.48333
4.0,4,4,4,4,4,4,4,4,4,4,4,0,4,4,4.0,4,4,2,4,4.0,4,4.0,4,4,15.0,41.0,24.125,40.0,39.0,32.5,40.0,40.0,20.0,19.0,10.0,15.0,10,10.0,18.0,14.0,18.75,20,11.2,18.0,19.5,9.0,15.5,100.0,100.0,20.0,19.0,12.66666,11.0,17.5,18.0,19.5,916.24166
2.0,4,4,4,4,0,4,4,4,0,2,2,0,4,2,3.5,4,2,4,4,0.0,0,0.0,4,4,4.0,39.5,10.5,40.0,37.0,37.5,40.0,40.0,20.0,10.0,10.0,15.5,10,10.0,15.0,8.0,18.5,12,19.0,18.0,19.5,13.5,20.0,100.0,100.0,20.0,18.0,9.5,6.0,5.4,15.5,9.0,821.4
2.0,4,4,4,4,0,4,4,4,4,4,4,2,4,4,4.0,4,4,2,4,4.0,4,4.0,4,4,29.0,0.0,31.75,40.0,39.0,35.0,40.0,40.0,20.0,10.0,10.0,20.0,10,10.0,14.0,14.0,20.0,20,17.0,19.0,20.0,18.0,17.5,100.0,100.0,19.0,20.0,15.83333,18.0,15.0,18.0,18.0,913.08333
2.0,4,4,4,4,0,4,4,4,4,4,4,2,4,4,4.0,4,4,2,4,4.0,4,4.0,4,4,4.0,42.0,28.25,40.0,37.0,34.0,39.5,40.0,20.0,20.0,4.0,20.0,10,10.0,14.0,14.0,19.5,20,15.2,17.0,20.0,18.0,18.0,100.0,100.0,18.0,20.0,14.33333,19.0,9.2,18.0,17.0,914.98333
0.0,0,0,0,0,0,0,0,0,0,0,0,0,0,0,0.0,0,0,0,0,0.0,0,0.0,0,0,0.0,29.0,28.25,32.0,15.0,0.0,0.0,0.0,0.0,0.0,0.0,0.0,0,0.0,0.0,0.0,0.0,0,0.0,0.0,0.0,0.0,0.0,0.0,0.0,0.0,15.0,0.0,16.0,0.0,0.0,0.0,135.25
4.0,4,4,4,4,4,4,4,4,4,4,4,4,4,4,4.0,4,4,4,4,4.0,4,4.0,4,4,4.0,29.5,29.25,40.0,31.0,36.0,37.5,36.0,20.0,15.0,18.0,15.5,10,10.0,14.0,14.0,18.5,19,12.0,20.0,19.5,16.0,20.0,100.0,105.0,11.0,18.0,12.5,10.0,15.5,4.0,0.0,865.75
4.0,4,0,0,0,0,0,0,2,2,2,4,2,4,4,2.0,2,4,2,4,4.0,4,4.0,4,4,9.0,37.0,28.25,15.0,37.0,32.25,28.0,40.0,20.0,10.0,15.0,15.5,10,9.5,19.0,14.0,19.5,20,7.8,0.0,0.0,13.0,20.0,110.0,100.0,19.0,20.0,9.5,10.0,9.5,13.0,0.0,777.8
4.0,4,4,4,2,4,4,4,4,4,4,4,4,4,4,4.0,4,4,4,4,4.0,4,0.0,4,4,4.0,39.125,33.875,40.0,33.5,34.0,38.5,40.0,20.0,20.0,9.0,20.0,10,10.0,14.0,18.0,10.5,18,16.0,17.0,18.5,16.0,18.0,69.75,76.5,18.0,16.0,13.16666,0.0,0.0,12.0,10.0,812.41666
4.0,4,0,0,0,0,0,0,0,0,4,4,4,4,4,4.0,4,4,2,4,4.0,4,4.0,4,2,4.0,5.5,0.0,37.0,16.0,30.5,21.875,10.0,20.0,10.0,0.0,20.0,10,9.5,6.0,14.0,0.0,17,12.0,18.0,18.0,17.5,17.5,91.0,58.0,6.0,0.0,5.0,6.0,4.0,0.0,1.5,560.875
4.0,4,4,0,0,0,0,0,0,0,4,4,0,4,0,0.0,4,3,2,0,4.0,4,0.0,4,0,4.0,41.25,11.75,13.0,33.0,34.75,0.0,40.0,2.0,15.0,16.0,15.5,10,10.0,16.0,14.0,14.0,11,0.0,15.0,0.0,0.0,19.5,94.75,79.5,14.0,13.0,0.0,6.0,3.0,2.0,7.0,605.0
4.0,4,4,4,4,4,4,4,4,4,4,4,4,4,4,4.0,4,4,4,4,4.0,4,4.0,4,4,0.0,40.5,5.0,38.0,40.0,37.5,40.0,39.0,20.0,15.0,14.5,16.0,10,8.5,11.0,20.0,12.0,13,18.0,20.0,20.0,17.0,18.0,100.0,102.0,18.0,16.0,8.83333,11.0,5.2,4.5,0.0,841.03333
0.0,4,0,4,3,4,2,4,4,4,4,4,4,4,4,4.0,4,4,4,4,4.0,4,4.0,4,4,0.0,15.0,40.0,40.0,40.0,39.5,40.0,20.0,20.0,20.0,17.0,20.0,10,10.0,18.0,14.0,16.75,16,17.2,20.0,20.0,18.0,17.5,100.0,100.0,16.0,16.0,13.0,7.5,9.9,17.5,13.5,876.35
0.0,4,0,2,3,2,4,2,0,0,4,2,0,4,3,3.0,4,2,0,0,4.0,4,4.0,0,0,5.0,25.5,6.5,15.0,38.0,19.0,40.0,36.0,20.0,15.0,14.0,16.0,10,5.5,8.0,14.0,16.0,19,9.3,18.0,12.5,7.0,15.0,100.0,77.0,14.0,14.0,11.16666,7.0,10.5,2.5,0.0,676.46666
0.0,0,0,0,0,0,0,0,0,0,0,0,0,0,0,0.0,0,0,0,0,0.0,0,0.0,0,0,0.0,0.0,0.0,0.0,0.0,0.0,0.0,0.0,0.0,0.0,0.0,0.0,0,0.0,0.0,0.0,0.0,0,0.0,0.0,0.0,0.0,0.0,0.0,0.0,0.0,0.0,0.0,0.0,0.0,0.0,0.0,0.0
0.0,4,3,3,0,0,0,0,0,0,0,0,0,0,0,0.0,0,0,0,0,0.0,0,0.0,0,0,0.0,41.0,0.0,0.0,0.0,20.0,0.0,15.0,20.0,0.0,0.0,0.0,10,7.0,0.0,14.0,15.5,20,7.4,9.0,12.5,7.5,16.5,100.0,100.0,10.0,10.0,8.0,10.0,0.0,0.0,0.0,468.4
4.0,4,4,4,4,4,4,4,4,4,4,4,2,4,4,4.0,4,4,4,4,4.0,4,4.0,4,4,0.0,41.0,40.0,40.0,40.0,37.5,40.0,40.0,20.0,20.0,15.0,20.0,10,10.0,20.0,18.0,20.0,20,16.0,20.0,20.0,20.0,20.0,100.0,102.0,19.0,20.0,15.33333,13.0,15.8,20.0,8.5,964.13333
4.0,4,4,4,4,4,4,4,4,4,4,4,4,4,4,4.0,4,4,4,4,4.0,4,4.0,4,4,24.0,41.5,31.5,40.0,40.0,40.0,40.0,40.0,20.0,15.0,16.0,20.0,10,10.0,19.0,14.0,20.0,16,16.0,19.0,20.0,19.0,19.0,100.0,98.0,17.0,16.0,14.16666,12.0,10.9,11.0,2.0,936.06666
4.0,4,4,4,4,4,4,4,4,4,4,4,4,4,4,4.0,4,4,4,4,4.0,4,4.0,4,2,0.0,41.0,40.0,40.0,40.0,40.0,40.0,40.0,20.0,20.0,18.0,20.0,10,10.0,20.0,20.0,20.0,20,16.0,20.0,20.0,20.0,20.0,100.0,105.0,20.0,20.0,15.3,19.0,19.5,18.0,10.5,985.3
4.0,4,4,4,3,4,4,4,4,4,4,4,2,3,2,4.0,4,4,4,4,4.0,4,4.0,4,4,4.0,42.0,35.5,38.0,39.0,40.0,39.0,40.0,20.0,20.0,15.0,20.0,10,10.0,14.0,14.0,20.0,20,16.5,20.0,20.0,20.0,20.0,100.0,110.0,20.0,20.0,15.16666,16.0,18.6,18.0,13.0,966.76666
4.0,4,4,4,0,0,0,0,4,2,4,4,2,4,4,3.5,4,0,2,4,4.0,4,4.0,4,4,69.0,35.25,0.0,22.5,20.75,17.5,31.0,0.0,20.0,10.0,15.5,19.0,0,6.5,16.0,12.0,15.5,19,14.0,20.0,20.0,15.0,17.5,100.0,77.5,10.0,11.0,8.0,7.0,4.0,3.5,1.5,717.0
0.0,4,4,3,3,0,0,0,0,0,0,0,0,0,0,0.0,0,0,0,0,0.0,0,0.0,0,0,0.0,34.375,0.0,0.0,0.0,0.0,0.0,0.0,20.0,0.0,0.0,0.0,0,0.0,0.0,0.0,0.0,0,0.0,0.0,0.0,0.0,0.0,0.0,0.0,0.0,0.0,0.0,0.0,0.0,0.0,0.0,68.375
4.0,2,4,4,4,4,4,4,2,4,4,4,2,4,4,4.0,4,4,0,4,4.0,4,4.0,4,4,4.0,12.5,33.5,40.0,39.0,38.0,38.5,40.0,20.0,10.0,15.0,15.5,10,10.0,13.0,20.0,20.0,16,14.0,19.0,20.0,17.0,18.0,100.0,100.0,17.0,18.0,12.5,10.0,9.5,8.5,5.5,859.0
4.0,4,4,4,4,0,4,4,2,4,4,4,2,4,4,4.0,4,4,2,4,4.0,4,4.0,4,4,0.0,36.5,16.0,30.0,38.0,36.5,38.75,0.0,20.0,10.0,15.0,16.5,10,10.0,9.0,18.0,13.0,16,7.0,16.0,17.5,5.0,17.0,100.0,76.0,15.0,12.0,7.5,8.0,5.7,3.0,1.0,718.95
4.0,4,4,4,4,4,4,4,0,4,4,4,4,4,4,4.0,4,4,4,4,4.0,4,4.0,0,4,0.0,39.0,17.5,40.0,30.75,24.5,32.75,40.0,20.0,10.0,16.0,15.5,10,7.0,19.0,19.0,19.5,11,15.7,17.0,18.5,7.0,19.0,110.0,110.0,17.0,18.0,10.5,12.0,6.0,9.5,7.5,846.2
4.0,4,4,4,4,4,4,4,2,0,0,2,2,0,0,0.0,4,4,4,0,0.0,0,0.0,4,2,10.0,34.5,2.0,0.0,27.0,32.75,17.5,0.0,20.0,10.0,0.0,14.5,0,0.0,11.0,14.0,18.5,20,4.8,13.0,12.0,7.0,13.0,12.75,84.0,15.0,9.0,6.5,5.0,4.0,0.0,0.0,478.8
4.0,4,4,4,4,4,4,4,4,4,4,4,4,4,4,4.0,4,4,4,4,4.0,4,4.0,4,4,0.0,42.0,38.0,40.0,38.0,40.0,40.0,0.0,20.0,20.0,16.0,20.0,10,7.0,13.0,20.0,20.0,20,20.0,20.0,20.0,17.0,18.0,100.0,99.5,20.0,20.0,15.16666,18.0,16.0,17.5,6.0,916.16666
4.0,4,4,4,4,4,4,4,4,4,4,4,4,4,4,3.0,4,4,4,4,4.0,4,4.0,4,4,4.0,40.875,20.25,40.0,38.0,39.0,40.0,40.0,20.0,20.0,18.0,18.5,10,10.0,20.0,16.0,20.0,20,19.0,20.0,20.0,17.0,16.0,100.0,99.0,19.0,19.0,13.0,16.0,14.1,14.5,15.0,940.225
0.0,0,0,0,0,0,0,0,0,0,4,4,2,0,0,0.0,0,0,0,0,0.0,0,0.0,0,0,0.0,0.0,0.0,13.0,0.0,0.0,0.0,0.0,0.0,0.0,0.0,0.0,0,0.0,0.0,0.0,0.0,0,0.0,0.0,0.0,0.0,0.0,0.0,0.0,0.0,11.0,0.0,0.0,0.0,0.0,0.0,34.0
4.0,4,0,0,0,0,0,0,0,0,4,4,4,4,4,0.0,4,4,4,4,4.0,4,4.0,0,2,59.0,33.5,0.0,36.0,31.0,35.5,39.5,40.0,2.0,10.0,12.0,15.0,10,9.5,14.0,0.0,15.0,13,17.5,19.0,20.0,16.0,20.0,100.0,80.0,12.0,0.0,10.0,11.0,9.5,2.0,0.0,750.0
4.0,4,4,0,0,4,4,4,4,4,4,4,2,4,4,4.0,4,4,4,4,4.0,4,4.0,4,2,0.0,33.5,0.0,20.0,40.0,39.0,30.75,0.0,20.0,15.0,9.0,15.0,0,0.0,11.0,0.0,20.0,20,16.5,19.0,20.0,15.0,19.0,100.0,98.0,12.0,17.0,8.66666,12.0,0.0,0.0,18.0,721.41666
4.0,4,4,4,4,4,4,4,4,4,4,4,4,4,4,4.0,4,4,4,4,4.0,4,4.0,4,4,4.0,39.5,30.875,40.0,38.0,38.0,38.0,40.0,20.0,15.0,18.0,17.0,10,10.0,17.0,14.0,18.5,16,17.0,20.0,20.0,18.0,19.5,100.0,105.0,19.0,18.0,9.5,12.0,11.9,20.0,14.5,933.275
4.0,4,4,4,4,4,4,4,4,4,4,4,4,4,4,4.0,4,4,4,4,4.0,4,4.0,4,4,0.0,39.0,29.625,40.0,37.0,0.0,35.5,40.0,20.0,10.0,9.0,16.0,10,9.0,17.0,20.0,19.5,16,16.8,20.0,11.2,18.0,18.5,100.0,100.0,17.0,20.0,14.16666,12.0,10.0,19.5,12.5,857.29166
0.0,0,0,0,0,0,0,0,0,0,0,0,0,0,0,0.0,0,0,0,0,0.0,0,0.0,0,0,0.0,0.0,0.0,0.0,0.0,0.0,0.0,0.0,0.0,0.0,0.0,0.0,0,0.0,0.0,0.0,0.0,0,0.0,0.0,0.0,0.0,0.0,0.0,0.0,0.0,0.0,0.0,0.0,0.0,0.0,0.0,0.0
4.0,4,4,4,4,4,4,4,4,4,4,4,4,4,4,2.0,4,4,4,4,4.0,4,4.0,4,0,4.0,41.0,2.5,40.0,36.0,38.75,39.0,0.0,20.0,20.0,13.5,15.5,10,10.0,18.0,18.0,18.5,20,16.4,19.0,20.0,15.0,18.5,100.0,99.5,19.0,20.0,14.16666,15.0,12.5,19.0,0.0,851.81666
4.0,4,4,4,4,4,4,4,4,4,4,4,2,4,4,4.0,4,4,2,4,4.0,4,4.0,4,4,0.0,38.75,31.75,40.0,39.0,34.0,40.0,40.0,20.0,10.0,10.0,15.5,10,7.0,13.0,14.0,19.0,19,18.0,17.0,20.0,18.0,18.0,100.0,100.0,18.0,19.0,13.16666,11.0,15.2,18.0,16.5,903.86666
4.0,4,0,4,0,4,4,4,4,4,4,4,4,4,4,4.0,4,4,4,4,4.0,4,4.0,4,4,4.0,38.125,30.75,40.0,37.0,39.0,39.0,40.0,20.0,20.0,18.0,17.0,10,10.0,15.0,20.0,15.5,12,18.0,20.0,20.0,20.0,18.0,110.0,110.0,20.0,20.0,14.5,18.0,18.0,16.5,17.0,957.375
2.0,4,4,0,4,4,4,4,2,4,4,4,2,4,4,4.0,4,0,4,4,4.0,4,4.0,4,2,0.0,26.5,29.0,40.0,40.0,37.75,40.0,40.0,20.0,20.0,17.0,19.0,10,10.0,0.0,14.0,19.25,12,17.2,20.0,20.0,20.0,18.5,100.0,99.5,18.0,19.0,14.16666,10.0,11.2,15.5,0.0,866.56666
4.0,4,4,4,4,4,4,4,4,4,4,4,4,4,4,4.0,4,4,4,4,4.0,4,4.0,4,4,0.0,40.5,33.0,40.0,40.0,37.0,40.0,40.0,20.0,20.0,20.0,20.0,10,10.0,0.0,8.0,19.0,19,16.7,20.0,20.0,20.0,20.0,110.0,109.5,18.0,20.0,12.16666,19.0,17.8,20.0,0.0,944.66666
2.0,4,4,4,4,0,0,0,0,0,4,4,2,4,4,3.0,4,4,2,4,4.0,4,4.0,4,4,4.0,38.5,35.25,40.0,36.0,33.0,40.0,40.0,20.0,15.0,16.5,20.0,10,10.0,20.0,20.0,17.5,17,18.2,20.0,20.0,14.0,16.5,110.0,100.0,18.0,17.0,13.5,14.0,8.6,18.0,12.5,911.05
0.0,2,0,4,0,4,4,4,4,4,0,4,0,0,0,0.0,2,4,2,2,0.0,0,4.0,0,0,0.0,13.0,20.0,0.0,26.5,0.0,0.0,0.0,20.0,0.0,13.0,0.0,0,0.0,0.0,0.0,16.5,12,16.0,0.0,20.0,8.0,14.5,0.0,100.0,14.0,0.0,0.0,0.0,0.0,0.0,0.0,337.5
0.0,0,0,0,0,0,0,0,0,0,0,0,0,0,0,0.0,0,0,0,0,0.0,0,0.0,0,0,0.0,0.0,0.0,0.0,0.0,0.0,0.0,0.0,0.0,0.0,0.0,0.0,0,0.0,0.0,0.0,0.0,15,0.0,0.0,0.0,0.0,0.0,0.0,0.0,0.0,0.0,0.0,0.0,0.0,0.0,0.0,15.0
4.0,4,4,4,4,4,0,0,4,4,4,4,2,0,0,0.0,0,0,0,4,4.0,4,4.0,4,4,15.0,30.5,5.25,40.0,17.0,33.5,40.0,40.0,20.0,20.0,11.0,19.5,10,10.0,18.0,20.0,0.0,17,2.2,18.0,18.0,11.0,18.0,110.0,105.0,0.0,13.0,12.16666,10.0,12.9,17.0,15.5,800.51666
4.0,4,4,4,4,4,4,4,4,4,4,4,4,4,4,4.0,4,4,4,4,4.0,4,4.0,4,4,0.0,36.875,30.875,40.0,25.5,33.75,35.75,40.0,20.0,15.0,15.0,14.0,10,8.0,14.0,16.0,18.5,16,20.0,20.0,11.0,12.0,16.5,100.0,99.5,17.0,16.0,11.0,13.0,13.6,10.5,13.5,867.85
4.0,4,0,0,0,3,4,0,0,4,4,4,2,4,4,4.0,4,4,2,0,4.0,4,4.0,4,4,0.0,35.5,21.75,40.0,20.0,25.0,34.0,40.0,2.0,10.0,18.0,20.0,10,9.5,13.0,16.0,20.0,19,18.0,19.0,20.0,17.0,19.5,110.0,101.0,17.0,17.0,12.5,8.0,5.0,10.5,0.0,804.25
0.0,0,0,0,0,4,0,0,0,0,0,0,0,0,0,0.0,0,0,0,0,4.0,4,0.0,0,0,0.0,15.25,15.4,14.0,0.0,18.0,0.0,0.0,0.0,0.0,9.0,20.0,0,0.0,0.0,16.0,15.0,12,0.0,14.0,13.5,12.0,16.75,94.75,72.0,17.0,16.0,9.5,0.0,7.5,8.5,0.0,433.15
0.0,2,0,0,0,0,0,0,0,0,0,0,0,0,0,0.0,0,0,0,0,0.0,0,0.0,0,0,5.0,32.5,23.0,40.0,32.0,25.75,0.0,39.0,20.0,0.0,15.0,0.0,0,0.0,16.0,20.0,17.5,14,20.0,17.0,17.5,13.0,18.0,60.0,71.5,18.0,17.0,10.0,16.0,8.26,6.5,3.0,602.51
4.0,4,4,4,4,4,4,4,4,4,4,4,4,4,4,4.0,4,4,4,4,4.0,4,4.0,4,4,0.0,37.375,31.0,40.0,37.0,29.5,34.75,40.0,20.0,15.0,16.0,18.5,10,6.0,12.0,16.0,20.0,20,15.0,16.0,20.0,18.0,18.0,100.0,100.0,19.0,19.0,14.0,12.0,9.0,10.5,12.5,891.125
4.0,4,4,4,4,4,4,4,4,4,4,4,2,4,4,2.0,4,2,2,2,4.0,2,4.0,4,4,4.0,35.625,31.0,40.0,27.0,35.5,30.75,40.0,0.0,10.0,12.0,20.0,10,10.0,9.0,14.0,18.5,20,11.2,16.0,20.0,9.0,16.0,100.0,100.0,18.0,15.0,12.66666,12.0,9.0,8.5,14.5,822.24166
4.0,2,4,4,4,4,4,4,4,2,2,4,2,4,4,4.0,4,4,4,4,4.0,2,0.0,4,4,0.0,25.0,0.0,36.5,38.0,38.0,40.0,40.0,20.0,20.0,15.0,15.5,10,10.0,14.0,14.0,14.0,7,11.2,20.0,20.0,12.0,16.5,104.75,103.0,15.0,14.0,13.16666,11.0,12.5,15.5,8.0,824.61666
0.0,4,0,4,0,4,2,4,0,0,0,0,0,0,0,4.0,0,0,0,0,0.0,0,0.0,0,0,0.0,29.5,10.25,40.0,0.0,35.0,14.0,0.0,20.0,10.0,15.0,0.0,0,0.0,0.0,0.0,19.5,14,18.0,19.0,19.0,16.0,12.5,40.0,77.0,17.0,17.0,13.16666,15.0,10.1,0.0,0.0,503.01666
4.0,4,4,4,4,4,4,4,4,4,4,4,4,4,4,4.0,4,4,4,4,4.0,4,4.0,4,4,0.0,41.0,35.25,40.0,38.0,39.0,39.0,40.0,20.0,15.0,18.0,20.0,10,10.0,14.0,20.0,20.0,16,20.0,20.0,20.0,18.0,20.0,100.0,100.0,19.0,18.0,16.0,18.0,16.0,17.0,16.0,958.25
4.0,4,0,4,0,0,0,0,0,0,0,0,0,0,0,0.0,0,0,0,0,0.0,0,0.0,0,0,0.0,0.0,0.0,0.0,0.0,0.0,0.0,0.0,0.0,0.0,0.0,0.0,0,0.0,0.0,0.0,0.0,0,0.0,0.0,0.0,0.0,0.0,0.0,0.0,0.0,0.0,0.0,0.0,0.0,0.0,0.0,12.0
4.0,4,4,4,4,0,4,0,2,2,0,0,0,4,2,2.0,2,4,2,0,4.0,4,4.0,4,4,5.0,40.0,34.5,40.0,35.0,36.0,40.0,40.0,20.0,10.0,18.0,19.0,10,10.0,16.0,14.0,20.0,20,13.5,20.0,19.5,17.0,17.5,100.0,102.0,15.0,11.0,11.5,9.5,10.4,8.5,7.0,858.9
4.0,4,0,4,0,4,4,4,0,2,0,0,0,0,4,0.0,4,4,2,4,4.0,4,4.0,4,4,5.0,10.5,10.15,37.0,4.0,29.25,40.0,0.0,20.0,19.0,10.0,16.5,10,9.5,0.0,0.0,0.0,16,14.0,20.0,20.0,14.5,17.5,100.0,94.5,15.0,10.0,0.0,9.0,11.7,0.0,0.0,632.1
4.0,4,4,4,4,4,4,4,4,4,4,2,2,4,4,3.0,4,4,4,4,4.0,2,4.0,4,4,4.0,38.25,27.25,40.0,38.0,39.0,38.5,40.0,20.0,19.0,15.0,20.0,10,10.0,20.0,14.0,20.0,20,16.1,18.0,20.0,20.0,18.0,100.0,99.5,19.0,20.0,13.0,16.0,17.1,16.5,0.0,924.2
2.0,2,0,0,0,0,4,4,0,2,2,2,2,2,2,2.0,2,2,2,2,4.0,4,0.0,0,4,0.0,37.0,0.0,15.0,0.0,0.0,0.0,0.0,20.0,0.0,0.0,0.0,0,0.0,0.0,18.0,15.0,16,0.0,0.0,0.0,14.0,12.5,94.75,99.5,16.0,0.0,7.0,7.0,0.0,3.0,0.0,425.75
4.0,0,0,0,0,0,0,0,4,4,4,4,4,4,4,4.0,4,4,0,4,0.0,0,0.0,0,0,4.0,26.0,26.0,40.0,35.0,36.0,39.75,36.0,20.0,15.0,13.0,15.5,10,9.5,13.0,14.0,0.0,13,14.5,16.0,14.0,16.0,20.0,100.0,100.0,0.0,20.0,11.5,10.0,12.5,4.5,3.0,755.75
4.0,4,0,0,0,0,0,0,0,0,0,0,0,0,0,0.0,0,0,0,0,0.0,0,0.0,0,0,0.0,7.0,0.0,0.0,0.0,0.0,0.0,0.0,0.0,0.0,0.0,0.0,0,0.0,0.0,0.0,0.0,0,0.0,0.0,0.0,0.0,0.0,0.0,0.0,11.0,11.0,8.33333,4.0,0.0,5.0,1.0,55.33333
4.0,4,4,4,4,4,4,4,4,4,4,4,4,4,4,4.0,4,4,2,4,4.0,4,1.0,4,4,0.0,11.0,33.25,40.0,30.5,39.0,40.0,39.0,20.0,15.0,16.0,19.5,10,9.5,20.0,14.0,19.75,0,16.0,20.0,18.0,20.0,19.5,100.0,105.0,19.0,20.0,0.0,19.0,17.8,18.0,9.5,873.3
4.0,4,0,4,4,3,0,0,4,4,4,4,2,4,0,4.0,4,4,2,4,4.0,4,4.0,4,4,0.0,37.0,39.5,36.0,40.0,38.5,40.0,39.0,20.0,19.0,15.0,20.0,10,10.0,20.0,14.0,15.0,16,15.0,19.0,20.0,16.0,18.5,100.0,110.0,16.0,17.0,16.16666,16.0,14.8,15.0,10.0,916.46666
4.0,4,0,4,0,0,4,4,4,4,4,4,4,4,4,4.0,4,4,4,4,4.0,4,4.0,0,4,0.0,37.5,10.45,40.0,21.0,30.0,36.0,40.0,20.0,10.0,0.0,20.0,0,0.0,20.0,14.0,20.0,16,8.0,17.0,14.5,10.0,16.0,100.0,100.0,12.0,17.0,11.0,8.0,14.0,20.0,13.0,784.45
0.0,0,0,4,0,0,0,0,0,0,0,0,0,0,0,0.0,0,0,0,0,0.0,0,0.0,0,0,0.0,21.75,0.0,0.0,0.0,0.0,0.0,0.0,0.0,0.0,0.0,0.0,0,0.0,0.0,0.0,0.0,0,0.0,0.0,0.0,0.0,0.0,0.0,0.0,0.0,12.0,0.0,0.0,0.0,0.0,0.0,37.75
4.0,4,4,0,0,4,4,4,4,4,4,2,2,3,3,3.0,4,3,2,4,0.0,4,0.0,4,4,4.0,30.375,20.5,11.0,39.0,32.125,28.25,40.0,20.0,10.0,0.0,15.5,10,10.0,12.0,8.0,17.0,17,7.2,19.0,15.5,17.0,19.25,100.0,99.5,15.0,13.0,10.0,8.0,4.0,19.0,7.0,757.2
4.0,4,4,4,4,4,4,4,4,4,2,4,0,4,0,0.0,4,0,0,4,4.0,4,2.0,0,4,22.0,40.375,31.0,40.0,40.0,38.5,38.25,40.0,20.0,10.0,15.0,18.5,10,10.0,19.0,20.0,17.5,20,17.2,20.0,19.0,14.0,20.0,100.0,99.5,19.0,19.0,11.5,16.0,11.4,16.0,8.5,918.225
4.0,2,4,4,4,4,4,4,4,4,4,4,4,4,4,4.0,4,4,4,4,4.0,4,4.0,0,0,0.0,40.0,38.5,40.0,40.0,40.0,39.75,34.0,20.0,20.0,16.0,20.0,10,9.5,20.0,20.0,20.0,20,16.0,20.0,19.0,20.0,20.0,100.0,105.0,19.0,20.0,14.0,18.0,16.8,16.5,0.0,947.05
4.0,4,4,0,0,0,0,0,0,0,4,4,4,4,4,4.0,4,4,2,4,4.0,4,4.0,4,4,4.0,5.0,0.0,29.5,21.5,25.0,40.0,40.0,20.0,19.0,18.0,19.5,7,5.0,16.0,16.0,20.0,19,12.0,20.0,17.0,20.0,18.0,100.0,94.0,12.0,7.0,7.0,7.0,0.0,0.0,0.0,715.5
4.0,4,4,4,4,4,4,4,4,4,4,4,4,4,4,4.0,4,4,4,4,4.0,4,4.0,4,4,4.0,39.25,27.75,40.0,37.0,37.5,40.0,40.0,20.0,20.0,18.0,15.5,10,10.0,16.0,14.0,20.0,17,16.0,19.0,19.5,16.0,18.0,100.0,105.0,18.0,15.0,13.16666,14.0,18.8,16.0,4.0,923.46666
4.0,4,4,4,4,4,4,4,4,4,4,4,4,0,4,4.0,4,4,4,4,4.0,4,4.0,4,4,65.0,39.5,0.0,35.0,32.5,32.75,39.75,40.0,19.0,20.0,14.0,20.0,10,10.0,16.0,16.0,19.5,17,6.0,20.0,18.5,16.0,14.5,96.25,102.0,19.0,18.0,13.5,14.0,18.8,18.0,12.5,934.05
0.0,0,0,0,0,0,0,0,0,0,0,0,0,0,0,0.0,0,0,0,0,0.0,0,0.0,0,0,0.0,0.0,4.25,0.0,0.0,0.0,0.0,0.0,0.0,0.0,0.0,0.0,0,0.0,0.0,14.0,0.0,0,0.0,0.0,0.0,0.0,0.0,0.0,0.0,0.0,7.0,0.0,0.0,0.0,0.0,0.0,25.25
0.0,4,4,3,4,0,4,0,4,4,4,4,2,0,0,0.0,4,4,2,0,4.0,0,4.0,4,4,54.0,36.625,21.75,0.0,33.0,18.75,13.0,40.0,20.0,10.0,14.0,17.5,10,10.0,13.0,14.0,14.0,16,10.8,0.0,16.0,13.0,16.0,100.0,99.5,17.0,13.0,10.16666,10.0,7.5,5.0,0.0,741.59166
4.0,4,4,4,0,0,0,0,0,0,0,0,0,0,0,0.0,0,0,0,4,4.0,4,4.0,0,4,4.0,28.5,11.35,40.0,37.0,31.25,36.5,40.0,20.0,10.0,12.0,18.0,0,0.0,15.0,14.0,20.0,16,18.5,19.5,20.0,20.0,20.0,110.0,110.0,17.0,16.0,14.0,14.0,5.4,4.0,19.0,802.0
4.0,4,4,4,4,4,4,4,0,0,4,4,4,4,4,3.0,4,4,2,4,4.0,4,4.0,4,4,0.0,40.5,27.25,40.0,32.0,39.0,37.75,40.0,19.0,15.0,16.0,19.5,10,10.0,0.0,16.0,20.0,20,16.8,16.0,19.0,18.0,20.0,94.75,56.5,19.0,18.0,14.16666,19.0,15.3,20.0,0.0,842.51666
